variant,market,category,pooled_rho,ci_low,ci_high,n_title_weeks,n_weeks,low_confidence,ci_excludes_zero,boot_skipped,weeks_with_rho,weekly_rho_q1,weekly_rho_median,weekly_rho_q3
all,DE,Films,0.591390489913545,0.30341653139342994,0.8197077723025546,61,12,False,True,0,10,0.4000000000000001,0.6571428571428573,0.942857142857143
all,FR,Films,0.40540511546301133,0.1996863258945814,0.6365676026645286,67,12,False,True,0,10,0.1428571428571429,0.1999999999999999,0.7000000000000001
all,JP,Films,0.5963855421686748,0.17857142857142858,1.0,24,9,True,True,0,2,-0.4000000000000001,-0.4000000000000001,0.4
all,BR,Films,0.19324928832858893,-0.16007228772080273,0.5054439990702154,54,11,False,False,0,11,-0.1999999999999999,0.3714285714285714,0.8
all,IT,Films,0.29540014958863126,0.14406157536985215,0.44057871031313206,62,11,False,True,0,10,0.1428571428571428,0.3000000000000001,0.4
all,KR,Films,0.45090180360721444,0.22846037460710827,0.6887755102040817,50,12,False,True,0,8,-0.1,0.1,0.6
all,DE,TV,0.04120267260579063,-0.36864535276805616,0.41899789399789356,37,12,False,False,0,3,8.881784197001253e-17,0.0999999999999999,0.8
all,FR,TV,0.7043510054844614,0.5281561311310569,0.8505709329393562,61,12,False,True,0,12,0.6000000000000001,0.7714285714285715,0.9000000000000001
all,JP,TV,0.2004982752012266,-0.027778092785714345,0.4250021759489361,56,12,False,False,0,11,-0.3142857142857143,0.2571428571428572,0.6
all,BR,TV,-0.1875000000000001,-0.7857142857142857,0.37500000000000006,18,7,True,False,0,1,0.5999999999999999,0.5999999999999999,0.5999999999999999
all,IT,TV,0.46073298429319376,0.060956455114289355,0.8192131082083163,31,10,False,True,0,3,0.2999999999999999,0.5,0.8
all,KR,TV,0.5509137365178892,0.3502372853383615,0.7439967372090088,61,12,False,True,0,10,0.2,0.5,0.8285714285714284
excl_contested_kept,DE,Films,0.6219198790627366,0.34152644239987123,0.8362246275248953,56,12,False,True,0,10,0.4857142857142857,0.6571428571428573,0.942857142857143
excl_contested_kept,FR,Films,0.3768714506969538,0.11407203512466665,0.635403688734021,60,12,False,True,0,9,0.1428571428571429,0.2380952380952381,0.7000000000000001
excl_contested_kept,JP,Films,0.5472972972972974,0.07432432432432433,0.9178082191780824,22,8,True,True,0,2,-0.4000000000000001,-0.4000000000000001,0.4
excl_contested_kept,BR,Films,0.1603972950126796,-0.23363692789043758,0.47921674185294844,50,11,False,False,0,9,0.0857142857142856,0.4,0.8
excl_contested_kept,IT,Films,0.3157790143084261,0.07741322197603043,0.499671340622218,56,11,False,True,0,10,0.2142857142857142,0.3714285714285715,0.4857142857142857
excl_contested_kept,KR,Films,0.408207343412527,0.17620836637589216,0.6399999999999999,48,11,False,True,0,8,-0.1,0.1,0.6
excl_contested_kept,DE,TV,-0.16067415730337084,-0.5834288990825689,0.27735567485276996,33,12,False,False,0,2,0.0999999999999999,0.0999999999999999,0.8
excl_contested_kept,FR,TV,0.7007188800605374,0.5308232252007354,0.8452492953877621,57,12,False,True,0,10,0.6000000000000001,0.7,0.8
excl_contested_kept,JP,TV,0.2004982752012266,-0.03133548612050594,0.42194032618868255,56,12,False,False,0,11,-0.3142857142857143,0.2571428571428572,0.6
excl_contested_kept,BR,TV,0.16666666666666666,-0.9999999999999998,0.9999999999999998,7,3,True,False,0,0,,,
excl_contested_kept,IT,TV,0.5096774193548387,0.014008189262966349,0.8636363636363636,26,8,True,True,0,3,0.2999999999999999,0.5,0.8
excl_contested_kept,KR,TV,0.5509137365178892,0.3496928167921015,0.7335534535289577,61,12,False,True,0,10,0.2,0.5,0.8285714285714284
