market,category,pairs,covered_before_range,covered_by_chart_start,appeared_after_chart,no_views,days_q1,days_median,days_q3
DE,Films,31,25,30,1,0,-34.0,-34.0,-14.0
FR,Films,46,38,40,5,1,-16.0,8.0,12.0
JP,Films,18,17,17,1,0,27.0,27.0,27.0
BR,Films,27,20,26,1,0,-77.0,-34.0,-12.0
IT,Films,36,28,29,7,0,2.0,3.0,4.0
KR,Films,26,14,24,2,0,-83.0,-52.0,-41.0
DE,TV,15,9,11,4,0,-14.0,5.0,26.0
FR,TV,22,13,19,3,0,-9.0,-8.0,7.0
JP,TV,11,8,9,2,0,-103.0,6.0,8.0
BR,TV,8,7,7,0,1,,,
IT,TV,17,10,12,5,0,-3.0,5.0,40.0
KR,TV,16,15,15,0,1,,,
