market,origin,title_weeks,titles,mean_signed_gap,ci_low,ci_high
DE,domestic,21,9,-0.32857142857142857,-0.6104946393762182,-0.04648635477582848
DE,foreign,77,35,0.0896103896103896,-0.029548564845658445,0.20723106060606053
FR,domestic,23,12,-0.020393374741200822,-0.2108105867346939,0.14919237012987016
FR,foreign,104,52,0.004510073260073261,-0.07664133179044814,0.08584982075216441
FR,unknown,1,1,0.0,,
JP,domestic,60,13,0.01527777777777778,-0.2678120567375887,0.30739299824407357
JP,foreign,20,13,-0.04583333333333335,-0.17779761904761904,0.07199337121212107
BR,domestic,7,3,0.023809523809523805,-0.25,0.6666666666666666
BR,foreign,64,30,-0.0026041666666666644,-0.20049987100103198,0.17333272630147611
BR,unknown,1,1,0.0,,
IT,domestic,14,8,0.28809523809523807,0.027239057239057236,0.494875
IT,foreign,79,41,-0.051054852320675095,-0.1651898734177215,0.05472736783016933
KR,domestic,84,23,-0.047619047619047616,-0.19139434723019058,0.08082322191697172
KR,foreign,27,16,0.14814814814814814,-0.00833333333333333,0.2986304012345678
ALL,domestic,209,67,-0.029915698336750965,-0.14747922242421183,0.08437244598635292
ALL,foreign,371,122,0.01685277884738801,-0.037655234770962207,0.06936880508755505
ALL,unknown,2,1,0.0,,
