market,category,pairs,median,q1,q3,share_before_chart,share_in_first_week,share_later
DE,Films,27,6.0,1.0,6.0,0.18518518518518517,0.7037037037037037,0.1111111111111111
FR,Films,38,2.0,-1.0,5.75,0.3684210526315789,0.5263157894736842,0.10526315789473684
JP,Films,16,3.0,-1.0,5.25,0.3125,0.625,0.0625
BR,Films,24,6.0,-1.0,6.0,0.2916666666666667,0.5833333333333334,0.125
IT,Films,26,3.0,-1.0,5.75,0.34615384615384615,0.5384615384615384,0.11538461538461539
KR,Films,22,3.5,0.25,5.0,0.22727272727272727,0.6818181818181818,0.09090909090909091
DE,TV,9,6.0,3.0,6.0,0.2222222222222222,0.6666666666666666,0.1111111111111111
FR,TV,14,6.0,3.5,6.0,0.14285714285714285,0.6428571428571429,0.21428571428571427
JP,TV,6,8.0,3.25,16.5,0.16666666666666666,0.3333333333333333,0.5
BR,TV,6,4.0,0.75,5.75,0.16666666666666666,0.6666666666666666,0.16666666666666666
IT,TV,10,3.5,2.0,5.5,0.0,0.9,0.1
KR,TV,10,5.5,5.0,6.0,0.1,0.7,0.2
