country_name,country_iso2,week,category,weekly_rank,show_title,season_title,cumulative_weeks_in_top_10
Brazil,BR,2026-07-05,Films,1,Enola Holmes 3,,1
Brazil,BR,2026-07-05,Films,2,Paradise City,,1
Brazil,BR,2026-07-05,Films,3,Voicemails for Isabelle,,3
Brazil,BR,2026-07-05,Films,4,Retribution,,1
Brazil,BR,2026-07-05,Films,5,Little Brother,,2
Brazil,BR,2026-07-05,Films,6,Ballerina,,4
Brazil,BR,2026-07-05,Films,7,Take Cover,,1
Brazil,BR,2026-07-05,Films,8,Siberia,,2
Brazil,BR,2026-07-05,Films,9,Swapped,,10
Brazil,BR,2026-07-05,Films,10,The Doorman,,1
Brazil,BR,2026-07-05,TV,1,I Will Find You,I Will Find You: Limited Series,3
Brazil,BR,2026-07-05,TV,2,Avatar: The Last Airbender,Avatar: The Last Airbender: Season 2,2
Brazil,BR,2026-07-05,TV,3,Agent Kim Reactivated,Agent Kim Reactivated: Limited Series,2
Brazil,BR,2026-07-05,TV,4,Avatar: The Last Airbender,Avatar: The Last Airbender: Season 1,7
Brazil,BR,2026-07-05,TV,5,The Polygamist,The Polygamist: Season 1,3
Brazil,BR,2026-07-05,TV,6,Oasis,Oasis: Season 1,3
Brazil,BR,2026-07-05,TV,7,Salish & Jordan Matter,Salish & Jordan Matter: Season 2,1
Brazil,BR,2026-07-05,TV,8,Worst Neighbor Ever,Worst Neighbor Ever: Season 1,1
Brazil,BR,2026-07-05,TV,9,Teach You a Lesson,Teach You a Lesson: Limited Series,4
Brazil,BR,2026-07-05,TV,10,Another Self,Another Self: Season 3,1
Brazil,BR,2026-07-12,Films,1,The Doorman,,2
Brazil,BR,2026-07-12,Films,2,Rust Creek,,1
Brazil,BR,2026-07-12,Films,3,The Wild Robot,,1
Brazil,BR,2026-07-12,Films,4,Enola Holmes 3,,2
Brazil,BR,2026-07-12,Films,5,Meg 2: The Trench,,1
Brazil,BR,2026-07-12,Films,6,Voicemails for Isabelle,,4
Brazil,BR,2026-07-12,Films,7,Paradise City,,2
Brazil,BR,2026-07-12,Films,8,Nothing to Lose,,1
Brazil,BR,2026-07-12,Films,9,Killer Elite,,1
Brazil,BR,2026-07-12,Films,10,Take Cover,,2
Brazil,BR,2026-07-12,TV,1,I Will Find You,I Will Find You: Limited Series,4
Brazil,BR,2026-07-12,TV,2,Little House on the Prairie,Little House on the Prairie: Season 1,1
Brazil,BR,2026-07-12,TV,3,Avatar: The Last Airbender,Avatar: The Last Airbender: Season 2,3
Brazil,BR,2026-07-12,TV,4,Agent Kim Reactivated,Agent Kim Reactivated: Limited Series,3
Brazil,BR,2026-07-12,TV,5,Avatar: The Last Airbender,Avatar: The Last Airbender: Season 1,8
Brazil,BR,2026-07-12,TV,6,The Faithful,The Faithful: Season 1,1
Brazil,BR,2026-07-12,TV,7,The Polygamist,The Polygamist: Season 1,4
Brazil,BR,2026-07-12,TV,8,Losing Judgment,Losing Judgment: Season 1,3
Brazil,BR,2026-07-12,TV,9,José Totoy 3,,6
Brazil,BR,2026-07-12,TV,10,Worst Neighbor Ever,Worst Neighbor Ever: Season 1,2
Brazil,BR,2026-07-19,Films,1,Desire,,1
Brazil,BR,2026-07-19,Films,2,Meg 2: The Trench,,2
Brazil,BR,2026-07-19,Films,3,Nothing to Lose,,2
Brazil,BR,2026-07-19,Films,4,Joy Ride,,1
Brazil,BR,2026-07-19,Films,5,The Wild Robot,,2
Brazil,BR,2026-07-19,Films,6,Voicemails for Isabelle,,5
Brazil,BR,2026-07-19,Films,7,Killer Elite,,2
Brazil,BR,2026-07-19,Films,8,Swapped,,11
Brazil,BR,2026-07-19,Films,9,23 000 Lives,,1
Brazil,BR,2026-07-19,Films,10,Despicable Me 4,,7
Brazil,BR,2026-07-19,TV,1,Little House on the Prairie,Little House on the Prairie: Season 1,2
Brazil,BR,2026-07-19,TV,2,I Will Find You,I Will Find You: Limited Series,5
Brazil,BR,2026-07-19,TV,3,Agent Kim Reactivated,Agent Kim Reactivated: Limited Series,4
Brazil,BR,2026-07-19,TV,4,José Totoy 3,,7
Brazil,BR,2026-07-19,TV,5,Avatar: The Last Airbender,Avatar: The Last Airbender: Season 2,4
Brazil,BR,2026-07-19,TV,6,I'm Not Afraid,I'm Not Afraid: Limited Series,1
Brazil,BR,2026-07-19,TV,7,The Mentalist,The Mentalist: Season 1,3
Brazil,BR,2026-07-19,TV,8,Spooky in Love,Spooky in Love: Limited Series,1
Brazil,BR,2026-07-19,TV,9,The Polygamist,The Polygamist: Season 1,5
Brazil,BR,2026-07-19,TV,10,Losing Judgment,Losing Judgment: Season 1,4
Brazil,BR,2026-07-26,Films,1,Elize: Shadows of a Woman,,1
Brazil,BR,2026-07-26,Films,2,Desire,,2
Brazil,BR,2026-07-26,Films,3,72 HOURS,,1
Brazil,BR,2026-07-26,Films,4,The Debt Collector,,1
Brazil,BR,2026-07-26,Films,5,23 000 Lives,,2
Brazil,BR,2026-07-26,Films,6,Companion,,1
Brazil,BR,2026-07-26,Films,7,Monsters vs. Aliens,,1
Brazil,BR,2026-07-26,Films,8,Despicable Me 4,,8
Brazil,BR,2026-07-26,Films,9,The Truthers,,1
Brazil,BR,2026-07-26,Films,10,Swapped,,12
Brazil,BR,2026-07-26,TV,1,Elite Force,Elite Force: Season 1,1
Brazil,BR,2026-07-26,TV,2,I Will Find You,I Will Find You: Limited Series,6
Brazil,BR,2026-07-26,TV,3,Spooky in Love,Spooky in Love: Limited Series,2
Brazil,BR,2026-07-26,TV,4,My Daughter's Father,My Daughter's Father: Season 1,1
Brazil,BR,2026-07-26,TV,5,Little House on the Prairie,Little House on the Prairie: Season 1,3
Brazil,BR,2026-07-26,TV,6,Agent Kim Reactivated,Agent Kim Reactivated: Limited Series,5
Brazil,BR,2026-07-26,TV,7,The Mentalist,The Mentalist: Season 1,4
Brazil,BR,2026-07-26,TV,8,The Map of Longing,The Map of Longing: Limited Series,1
Brazil,BR,2026-07-26,TV,9,The East Palace,The East Palace: Limited Series,1
Brazil,BR,2026-07-26,TV,10,Ransom Canyon,Ransom Canyon: Season 2,1
Brazil,BR,2026-08-02,Films,1,Elize: Shadows of a Woman,,2
Brazil,BR,2026-08-02,Films,2,72 HOURS,,2
Brazil,BR,2026-08-02,Films,3,Take Shelter,,1
Brazil,BR,2026-08-02,Films,4,The Debt Collector,,2
Brazil,BR,2026-08-02,Films,5,Fast Charlie,,1
Brazil,BR,2026-08-02,Films,6,The Truthers,,2
Brazil,BR,2026-08-02,Films,7,Fear,,1
Brazil,BR,2026-08-02,Films,8,Desire,,3
Brazil,BR,2026-08-02,Films,9,Despicable Me 4,,9
Brazil,BR,2026-08-02,Films,10,Swapped,,13
Brazil,BR,2026-08-02,TV,1,Elite Force,Elite Force: Season 1,2
Brazil,BR,2026-08-02,TV,2,My Name Is Farah,My Name Is Farah: Season 1,1
Brazil,BR,2026-08-02,TV,3,Wrath,Wrath: Season 1,1
Brazil,BR,2026-08-02,TV,4,My Daughter's Father,My Daughter's Father: Season 1,2
Brazil,BR,2026-08-02,TV,5,The Idaho Murders: College Nightmare,The Idaho Murders: College Nightmare: Season 1,1
Brazil,BR,2026-08-02,TV,6,Elize Matsunaga: Once Upon a Crime,Elize Matsunaga: Once Upon a Crime: Season 1,6
Brazil,BR,2026-08-02,TV,7,Ransom Canyon,Ransom Canyon: Season 2,2
Brazil,BR,2026-08-02,TV,8,Spooky in Love,Spooky in Love: Limited Series,3
Brazil,BR,2026-08-02,TV,9,The Mentalist,The Mentalist: Season 1,5
Brazil,BR,2026-08-02,TV,10,I Will Find You,I Will Find You: Limited Series,7
Brazil,BR,2026-08-09,Films,1,The Last House,,1
Brazil,BR,2026-08-09,Films,2,Elize: Shadows of a Woman,,3
Brazil,BR,2026-08-09,Films,3,72 HOURS,,3
Brazil,BR,2026-08-09,Films,4,Fast Charlie,,2
Brazil,BR,2026-08-09,Films,5,Spider-Man: Far from Home,,3
Brazil,BR,2026-08-09,Films,6,Take Shelter,,2
Brazil,BR,2026-08-09,Films,7,Charlie and the Chocolate Factory,,1
Brazil,BR,2026-08-09,Films,8,The Debt Collector,,3
Brazil,BR,2026-08-09,Films,9,Despicable Me 4,,10
Brazil,BR,2026-08-09,Films,10,Swapped,,14
Brazil,BR,2026-08-09,TV,1,Wrath,Wrath: Season 1,2
Brazil,BR,2026-08-09,TV,2,My Name Is Farah,My Name Is Farah: Season 1,2
Brazil,BR,2026-08-09,TV,3,My Life With the Walter Boys,My Life With the Walter Boys: Season 3,1
Brazil,BR,2026-08-09,TV,4,Our Sticky Love,Our Sticky Love: Limited Series,1
Brazil,BR,2026-08-09,TV,5,The Bombing of Pan Am 103,The Bombing of Pan Am 103: Limited Series,1
Brazil,BR,2026-08-09,TV,6,The Idaho Murders: College Nightmare,The Idaho Murders: College Nightmare: Season 1,2
Brazil,BR,2026-08-09,TV,7,Spooky in Love,Spooky in Love: Limited Series,4
Brazil,BR,2026-08-09,TV,8,The Mentalist,The Mentalist: Season 1,6
Brazil,BR,2026-08-09,TV,9,My Daughter's Father,My Daughter's Father: Season 1,3
Brazil,BR,2026-08-09,TV,10,Elize Matsunaga: Once Upon a Crime,Elize Matsunaga: Once Upon a Crime: Season 1,7
Brazil,BR,2026-08-16,Films,1,Nando Between Two Worlds - A Sintonia Film,,1
Brazil,BR,2026-08-16,Films,2,The Last House,,2
Brazil,BR,2026-08-16,Films,3,Charlie and the Chocolate Factory,,2
Brazil,BR,2026-08-16,Films,4,Extinction,,1
Brazil,BR,2026-08-16,Films,5,Elize: Shadows of a Woman,,4
Brazil,BR,2026-08-16,Films,6,What a Girl Wants,,1
Brazil,BR,2026-08-16,Films,7,Spider-Man: Far from Home,,4
Brazil,BR,2026-08-16,Films,8,Don't Say Good Luck,,1
Brazil,BR,2026-08-16,Films,9,Robin Hood,,1
Brazil,BR,2026-08-16,Films,10,72 HOURS,,4
Brazil,BR,2026-08-16,TV,1,Our Sticky Love,Our Sticky Love: Limited Series,2
Brazil,BR,2026-08-16,TV,2,My Life With the Walter Boys,My Life With the Walter Boys: Season 3,2
Brazil,BR,2026-08-16,TV,3,My Name Is Farah,My Name Is Farah: Season 1,3
Brazil,BR,2026-08-16,TV,4,Wrath,Wrath: Season 1,3
Brazil,BR,2026-08-16,TV,5,The Mentalist,The Mentalist: Season 1,7
Brazil,BR,2026-08-16,TV,6,Spooky in Love,Spooky in Love: Limited Series,5
Brazil,BR,2026-08-16,TV,7,Umthetho,Umthetho: Season 1,1
Brazil,BR,2026-08-16,TV,8,My Brilliant Career,My Brilliant Career: Season 1,1
Brazil,BR,2026-08-16,TV,9,Operation Safed Sagar: The Highest Air Force Mission,Operation Safed Sagar: The Highest Air Force Mission: Season 1,1
Brazil,BR,2026-08-16,TV,10,Lottie Dottie Chicken,Lottie Dottie Chicken: 2ª temporada,133
Brazil,BR,2026-08-23,Films,1,The Wave,,1
Brazil,BR,2026-08-23,Films,2,Facing El Chapo,,1
Brazil,BR,2026-08-23,Films,3,Nando Between Two Worlds - A Sintonia Film,,2
Brazil,BR,2026-08-23,Films,4,The Last House,,3
Brazil,BR,2026-08-23,Films,5,Don't Say Good Luck,,2
Brazil,BR,2026-08-23,Films,6,Charlie and the Chocolate Factory,,3
Brazil,BR,2026-08-23,Films,7,A Cinderella Story,,1
Brazil,BR,2026-08-23,Films,8,Here the Whole Time,,1
Brazil,BR,2026-08-23,Films,9,Collateral Damage,,1
Brazil,BR,2026-08-23,Films,10,Wicked,,1
Brazil,BR,2026-08-23,TV,1,Outer Banks,Outer Banks: Season 5,1
Brazil,BR,2026-08-23,TV,2,Blood Sacrifice,Blood Sacrifice: Season 1,1
Brazil,BR,2026-08-23,TV,3,Umthetho,Umthetho: Season 1,2
Brazil,BR,2026-08-23,TV,4,My Name Is Farah,My Name Is Farah: Season 1,4
Brazil,BR,2026-08-23,TV,5,Our Sticky Love,Our Sticky Love: Limited Series,3
Brazil,BR,2026-08-23,TV,6,The Mentalist,The Mentalist: Season 1,8
Brazil,BR,2026-08-23,TV,7,My Brilliant Career,My Brilliant Career: Season 1,2
Brazil,BR,2026-08-23,TV,8,My Life With the Walter Boys,My Life With the Walter Boys: Season 3,3
Brazil,BR,2026-08-23,TV,9,Spooky in Love,Spooky in Love: Limited Series,6
Brazil,BR,2026-08-23,TV,10,Seal Team,Seal Team: Season 1,1
Brazil,BR,2026-08-30,Films,1,Grand Theft Auto VI: An Extended Look,,1
Brazil,BR,2026-08-30,Films,2,The Whisper Man,,1
Brazil,BR,2026-08-30,Films,3,Facing El Chapo,,2
Brazil,BR,2026-08-30,Films,4,The Secret Woman,,1
Brazil,BR,2026-08-30,Films,5,13 Minutes,,1
Brazil,BR,2026-08-30,Films,6,Mickey 17,,1
Brazil,BR,2026-08-30,Films,7,Shrek,,5
Brazil,BR,2026-08-30,Films,8,Nando Between Two Worlds - A Sintonia Film,,3
Brazil,BR,2026-08-30,Films,9,The Wave,,2
Brazil,BR,2026-08-30,Films,10,The Last House,,4
Brazil,BR,2026-08-30,TV,1,Blood Sacrifice,Blood Sacrifice: Season 1,2
Brazil,BR,2026-08-30,TV,2,Beauty in Black,Beauty in Black: Season 3,1
Brazil,BR,2026-08-30,TV,3,Outer Banks,Outer Banks: Season 5,2
Brazil,BR,2026-08-30,TV,4,The Early Spring,The Early Spring: Season 1,1
Brazil,BR,2026-08-30,TV,5,Death of the Pastor's Wife,Death of the Pastor's Wife: Season 1,1
Brazil,BR,2026-08-30,TV,6,My Name Is Farah,My Name Is Farah: Season 1,5
Brazil,BR,2026-08-30,TV,7,Mom Knows Best?,Mom Knows Best?: Season 1,1
Brazil,BR,2026-08-30,TV,8,The Mentalist,The Mentalist: Season 1,9
Brazil,BR,2026-08-30,TV,9,Our Sticky Love,Our Sticky Love: Limited Series,4
Brazil,BR,2026-08-30,TV,10,Salish & Jordan Matter,Salish & Jordan Matter: Season 3,1
Brazil,BR,2026-09-06,Films,1,The Whisper Man,,2
Brazil,BR,2026-09-06,Films,2,The Secret Woman,,2
Brazil,BR,2026-09-06,Films,3,13 Minutes,,2
Brazil,BR,2026-09-06,Films,4,The Hard Corps,,1
Brazil,BR,2026-09-06,Films,5,Shrek,,6
Brazil,BR,2026-09-06,Films,6,Shrek 2,,3
Brazil,BR,2026-09-06,Films,7,Anacondas: Trail of Blood,,1
Brazil,BR,2026-09-06,Films,8,Facing El Chapo,,3
Brazil,BR,2026-09-06,Films,9,Shrek Forever After,,3
Brazil,BR,2026-09-06,Films,10,Run Rabbit Run,,1
Brazil,BR,2026-09-06,TV,1,The Early Spring,The Early Spring: Season 1,2
Brazil,BR,2026-09-06,TV,2,My Name Is Farah,My Name Is Farah: Season 2,1
Brazil,BR,2026-09-06,TV,3,Death of the Pastor's Wife,Death of the Pastor's Wife: Season 1,2
Brazil,BR,2026-09-06,TV,4,Mom Knows Best?,Mom Knows Best?: Season 1,2
Brazil,BR,2026-09-06,TV,5,Beauty in Black,Beauty in Black: Season 3,2
Brazil,BR,2026-09-06,TV,6,My Name Is Farah,My Name Is Farah: Season 1,6
Brazil,BR,2026-09-06,TV,7,The Mentalist,The Mentalist: Season 1,10
Brazil,BR,2026-09-06,TV,8,Outer Banks,Outer Banks: Season 5,3
Brazil,BR,2026-09-06,TV,9,Blood Sacrifice,Blood Sacrifice: Season 1,3
Brazil,BR,2026-09-06,TV,10,Lottie Dottie Chicken,Lottie Dottie Chicken: 2ª temporada,134
Brazil,BR,2026-09-13,Films,1,Gandhari,,1
Brazil,BR,2026-09-13,Films,2,The Whisper Man,,3
Brazil,BR,2026-09-13,Films,3,Why Did I Get Married Again?,,1
Brazil,BR,2026-09-13,Films,4,The Secret Woman,,3
Brazil,BR,2026-09-13,Films,5,The Hard Corps,,2
Brazil,BR,2026-09-13,Films,6,Run Rabbit Run,,2
Brazil,BR,2026-09-13,Films,7,Shrek,,7
Brazil,BR,2026-09-13,Films,8,13 Minutes,,3
Brazil,BR,2026-09-13,Films,9,Kissing Is the Easy Part,,1
Brazil,BR,2026-09-13,Films,10,Bee Movie,,3
Brazil,BR,2026-09-13,TV,1,My Name Is Farah,My Name Is Farah: Season 2,2
Brazil,BR,2026-09-13,TV,2,My Name Is Farah,My Name Is Farah: Season 1,7
Brazil,BR,2026-09-13,TV,3,The Early Spring,The Early Spring: Season 1,3
Brazil,BR,2026-09-13,TV,4,Death of the Pastor's Wife,Death of the Pastor's Wife: Season 1,3
Brazil,BR,2026-09-13,TV,5,Crew Girl,Crew Girl: Season 1,1
Brazil,BR,2026-09-13,TV,6,The Gentlemen,The Gentlemen: Season 2,1
Brazil,BR,2026-09-13,TV,7,Mom Knows Best?,Mom Knows Best?: Season 1,3
Brazil,BR,2026-09-13,TV,8,The Gentlemen,The Gentlemen: Season 1,6
Brazil,BR,2026-09-13,TV,9,Adriano the Emperor,Adriano the Emperor: Season 1,1
Brazil,BR,2026-09-13,TV,10,The Mentalist,The Mentalist: Season 1,11
Brazil,BR,2026-09-20,Films,1,Riot,,1
Brazil,BR,2026-09-20,Films,2,Kissing Is the Easy Part,,2
Brazil,BR,2026-09-20,Films,3,Why Did I Get Married Again?,,2
Brazil,BR,2026-09-20,Films,4,A Minecraft Movie,,1
Brazil,BR,2026-09-20,Films,5,The Secret Woman,,4
Brazil,BR,2026-09-20,Films,6,The Whisper Man,,4
Brazil,BR,2026-09-20,Films,7,Bee Movie,,4
Brazil,BR,2026-09-20,Films,8,Shrek,,8
Brazil,BR,2026-09-20,Films,9,Shrek 2,,4
Brazil,BR,2026-09-20,Films,10,Barbie in The Nutcracker,,1
Brazil,BR,2026-09-20,TV,1,Crew Girl,Crew Girl: Season 1,2
Brazil,BR,2026-09-20,TV,2,Monster: The Lizzie Borden Story,Monster: The Lizzie Borden Story: Season 1,1
Brazil,BR,2026-09-20,TV,3,My Name Is Farah,My Name Is Farah: Season 2,3
Brazil,BR,2026-09-20,TV,4,Not a Stranger,Not a Stranger: Season 1,1
Brazil,BR,2026-09-20,TV,5,Gabby's Dollhouse,Gabby's Dollhouse: Season 14,1
Brazil,BR,2026-09-20,TV,6,My Name Is Farah,My Name Is Farah: Season 1,8
Brazil,BR,2026-09-20,TV,7,The Perfect Lie,The Perfect Lie: Season 1,1
Brazil,BR,2026-09-20,TV,8,The Early Spring,The Early Spring: Season 1,4
Brazil,BR,2026-09-20,TV,9,The Mentalist,The Mentalist: Season 1,12
Brazil,BR,2026-09-20,TV,10,The Gentlemen,The Gentlemen: Season 2,2
Germany,DE,2026-07-05,Films,1,Enola Holmes 3,,1
Germany,DE,2026-07-05,Films,2,Infinite,,1
Germany,DE,2026-07-05,Films,3,Voicemails for Isabelle,,3
Germany,DE,2026-07-05,Films,4,Little Brother,,2
Germany,DE,2026-07-05,Films,5,Bride Hard,,1
Germany,DE,2026-07-05,Films,6,Manitou's Canoe,,3
Germany,DE,2026-07-05,Films,7,Ghost Ship,,1
Germany,DE,2026-07-05,Films,8,Sonic the Hedgehog 3,,1
Germany,DE,2026-07-05,Films,9,Dog 51,,2
Germany,DE,2026-07-05,Films,10,The Invasion,,1
Germany,DE,2026-07-05,TV,1,I Will Find You,I Will Find You: Limited Series,3
Germany,DE,2026-07-05,TV,2,Avatar: The Last Airbender,Avatar: The Last Airbender: Season 2,2
Germany,DE,2026-07-05,TV,3,Worst Neighbor Ever,Worst Neighbor Ever: Season 1,1
Germany,DE,2026-07-05,TV,4,Salish & Jordan Matter,Salish & Jordan Matter: Season 2,2
Germany,DE,2026-07-05,TV,5,Sullivan's Crossing,Sullivan's Crossing: Season 4,1
Germany,DE,2026-07-05,TV,6,Oasis,Oasis: Season 1,3
Germany,DE,2026-07-05,TV,7,TESTO,TESTO: Season 1,1
Germany,DE,2026-07-05,TV,8,Agent Kim Reactivated,Agent Kim Reactivated: Limited Series,2
Germany,DE,2026-07-05,TV,9,Avatar: The Last Airbender,Avatar: The Last Airbender: Season 1,8
Germany,DE,2026-07-05,TV,10,Bobo Dormouse,Bobo Dormouse: Volume 6,1
Germany,DE,2026-07-12,Films,1,Enola Holmes 3,,2
Germany,DE,2026-07-12,Films,2,Voicemails for Isabelle,,4
Germany,DE,2026-07-12,Films,3,Shipwrecked: Nightmare at Sea,,1
Germany,DE,2026-07-12,Films,4,22 Bahnen,,1
Germany,DE,2026-07-12,Films,5,Infinite,,2
Germany,DE,2026-07-12,Films,6,F9: The Fast Saga,,1
Germany,DE,2026-07-12,Films,7,Dangerous Animals,,1
Germany,DE,2026-07-12,Films,8,Manitou's Canoe,,4
Germany,DE,2026-07-12,Films,9,Ghost Ship,,2
Germany,DE,2026-07-12,Films,10,Nothing to Lose,,1
Germany,DE,2026-07-12,TV,1,I Will Find You,I Will Find You: Limited Series,4
Germany,DE,2026-07-12,TV,2,Avatar: The Last Airbender,Avatar: The Last Airbender: Season 2,3
Germany,DE,2026-07-12,TV,3,Little House on the Prairie,Little House on the Prairie: Season 1,1
Germany,DE,2026-07-12,TV,4,Worst Neighbor Ever,Worst Neighbor Ever: Season 1,2
Germany,DE,2026-07-12,TV,5,Sullivan's Crossing,Sullivan's Crossing: Season 4,2
Germany,DE,2026-07-12,TV,6,Salish & Jordan Matter,Salish & Jordan Matter: Season 2,3
Germany,DE,2026-07-12,TV,7,TESTO,TESTO: Season 1,2
Germany,DE,2026-07-12,TV,8,The Rookie,The Rookie: Season 7,1
Germany,DE,2026-07-12,TV,9,Agent Kim Reactivated,Agent Kim Reactivated: Limited Series,3
Germany,DE,2026-07-12,TV,10,Bobo Dormouse,Bobo Dormouse: Volume 6,2
Germany,DE,2026-07-19,Films,1,Dangerous Animals,,2
Germany,DE,2026-07-19,Films,2,Sniper: No Nation,,1
Germany,DE,2026-07-19,Films,3,Desire,,1
Germany,DE,2026-07-19,Films,4,Shipwrecked: Nightmare at Sea,,2
Germany,DE,2026-07-19,Films,5,Enola Holmes 3,,3
Germany,DE,2026-07-19,Films,6,Voicemails for Isabelle,,5
Germany,DE,2026-07-19,Films,7,Death on the Nile,,1
Germany,DE,2026-07-19,Films,8,Undertone,,1
Germany,DE,2026-07-19,Films,9,The Creator,,1
Germany,DE,2026-07-19,Films,10,Nothing to Lose,,2
Germany,DE,2026-07-19,TV,1,Little House on the Prairie,Little House on the Prairie: Season 1,2
Germany,DE,2026-07-19,TV,2,I Will Find You,I Will Find You: Limited Series,5
Germany,DE,2026-07-19,TV,3,The Rookie,The Rookie: Season 7,2
Germany,DE,2026-07-19,TV,4,Avatar: The Last Airbender,Avatar: The Last Airbender: Season 2,4
Germany,DE,2026-07-19,TV,5,Agent Kim Reactivated,Agent Kim Reactivated: Limited Series,4
Germany,DE,2026-07-19,TV,6,Salish & Jordan Matter,Salish & Jordan Matter: Season 2,4
Germany,DE,2026-07-19,TV,7,Bobo Dormouse,Bobo Dormouse: Volume 6,3
Germany,DE,2026-07-19,TV,8,José Totoy 3,,1
Germany,DE,2026-07-19,TV,9,Worst Neighbor Ever,Worst Neighbor Ever: Season 1,3
Germany,DE,2026-07-19,TV,10,Sullivan's Crossing,Sullivan's Crossing: Season 4,3
Germany,DE,2026-07-26,Films,1,72 HOURS,,1
Germany,DE,2026-07-26,Films,2,Elize: Shadows of a Woman,,1
Germany,DE,2026-07-26,Films,3,Desire,,2
Germany,DE,2026-07-26,Films,4,A Toxic Love Story,,1
Germany,DE,2026-07-26,Films,5,Sniper: No Nation,,2
Germany,DE,2026-07-26,Films,6,The Creator,,2
Germany,DE,2026-07-26,Films,7,Voicemails for Isabelle,,6
Germany,DE,2026-07-26,Films,8,The Truthers,,1
Germany,DE,2026-07-26,Films,9,Dangerous Animals,,3
Germany,DE,2026-07-26,Films,10,Enola Holmes 3,,4
Germany,DE,2026-07-26,TV,1,Kaulitz & Kaulitz,Kaulitz & Kaulitz: Season 3,1
Germany,DE,2026-07-26,TV,2,Elite Force,Elite Force: Season 1,1
Germany,DE,2026-07-26,TV,3,I Will Find You,I Will Find You: Limited Series,6
Germany,DE,2026-07-26,TV,4,The Map of Longing,The Map of Longing: Limited Series,1
Germany,DE,2026-07-26,TV,5,Ransom Canyon,Ransom Canyon: Season 2,1
Germany,DE,2026-07-26,TV,6,Little House on the Prairie,Little House on the Prairie: Season 1,3
Germany,DE,2026-07-26,TV,7,The Rookie,The Rookie: Season 7,3
Germany,DE,2026-07-26,TV,8,The Hawk,The Hawk: Season 1,1
Germany,DE,2026-07-26,TV,9,Avatar: The Last Airbender,Avatar: The Last Airbender: Season 2,5
Germany,DE,2026-07-26,TV,10,My Daughter's Father,My Daughter's Father: Season 1,1
Germany,DE,2026-08-02,Films,1,72 HOURS,,2
Germany,DE,2026-08-02,Films,2,Elize: Shadows of a Woman,,2
Germany,DE,2026-08-02,Films,3,The Truthers,,2
Germany,DE,2026-08-02,Films,4,A Toxic Love Story,,2
Germany,DE,2026-08-02,Films,5,War Machine,,7
Germany,DE,2026-08-02,Films,6,The Uninvited,,1
Germany,DE,2026-08-02,Films,7,Voicemails for Isabelle,,7
Germany,DE,2026-08-02,Films,8,Desire,,3
Germany,DE,2026-08-02,Films,9,Enola Holmes 3,,5
Germany,DE,2026-08-02,Films,10,Sniper: No Nation,,3
Germany,DE,2026-08-02,TV,1,Kaulitz & Kaulitz,Kaulitz & Kaulitz: Season 3,2
Germany,DE,2026-08-02,TV,2,The Idaho Murders: College Nightmare,The Idaho Murders: College Nightmare: Season 1,1
Germany,DE,2026-08-02,TV,3,Elite Force,Elite Force: Season 1,2
Germany,DE,2026-08-02,TV,4,Ransom Canyon,Ransom Canyon: Season 2,2
Germany,DE,2026-08-02,TV,5,The Bombing of Pan Am 103,The Bombing of Pan Am 103: Limited Series,1
Germany,DE,2026-08-02,TV,6,I Will Find You,I Will Find You: Limited Series,7
Germany,DE,2026-08-02,TV,7,My Daughter's Father,My Daughter's Father: Season 1,2
Germany,DE,2026-08-02,TV,8,The Rookie,The Rookie: Season 7,4
Germany,DE,2026-08-02,TV,9,Ransom Canyon,Ransom Canyon: Season 1,5
Germany,DE,2026-08-02,TV,10,Little House on the Prairie,Little House on the Prairie: Season 1,4
Germany,DE,2026-08-09,Films,1,The Last House,,1
Germany,DE,2026-08-09,Films,2,72 HOURS,,3
Germany,DE,2026-08-09,Films,3,Momo,,1
Germany,DE,2026-08-09,Films,4,Juror #2,,1
Germany,DE,2026-08-09,Films,5,Dragon Wars,,1
Germany,DE,2026-08-09,Films,6,Elize: Shadows of a Woman,,3
Germany,DE,2026-08-09,Films,7,The Uninvited,,2
Germany,DE,2026-08-09,Films,8,Evil Dead Rise,,1
Germany,DE,2026-08-09,Films,9,War Machine,,8
Germany,DE,2026-08-09,Films,10,The Truthers,,3
Germany,DE,2026-08-09,TV,1,My Life With the Walter Boys,My Life With the Walter Boys: Season 3,1
Germany,DE,2026-08-09,TV,2,The Idaho Murders: College Nightmare,The Idaho Murders: College Nightmare: Season 1,2
Germany,DE,2026-08-09,TV,3,Kaulitz & Kaulitz,Kaulitz & Kaulitz: Season 3,3
Germany,DE,2026-08-09,TV,4,The Bombing of Pan Am 103,The Bombing of Pan Am 103: Limited Series,2
Germany,DE,2026-08-09,TV,5,Murder in a Small Town,Murder in a Small Town: Season 1,1
Germany,DE,2026-08-09,TV,6,Elite Force,Elite Force: Season 1,3
Germany,DE,2026-08-09,TV,7,I Will Find You,I Will Find You: Limited Series,8
Germany,DE,2026-08-09,TV,8,Ransom Canyon,Ransom Canyon: Season 2,3
Germany,DE,2026-08-09,TV,9,Murder in a Small Town,Murder in a Small Town: Season 2,1
Germany,DE,2026-08-09,TV,10,Wrath,Wrath: Season 1,1
Germany,DE,2026-08-16,Films,1,The Last House,,2
Germany,DE,2026-08-16,Films,2,"My Best Friend, His Girlfriend and Me",,1
Germany,DE,2026-08-16,Films,3,Black Adam,,1
Germany,DE,2026-08-16,Films,4,72 HOURS,,4
Germany,DE,2026-08-16,Films,5,Nando Between Two Worlds - A Sintonia Film,,1
Germany,DE,2026-08-16,Films,6,Breaking In,,1
Germany,DE,2026-08-16,Films,7,Robin Hood,,2
Germany,DE,2026-08-16,Films,8,Don't Say Good Luck,,1
Germany,DE,2026-08-16,Films,9,A Child of My Own,,1
Germany,DE,2026-08-16,Films,10,Dragon Wars,,2
Germany,DE,2026-08-16,TV,1,My Life With the Walter Boys,My Life With the Walter Boys: Season 3,2
Germany,DE,2026-08-16,TV,2,Conversations with a Killer: The Charles Manson Tapes,Conversations with a Killer: The Charles Manson Tapes: Season 1,1
Germany,DE,2026-08-16,TV,3,Kaulitz & Kaulitz,Kaulitz & Kaulitz: Season 3,4
Germany,DE,2026-08-16,TV,4,The Idaho Murders: College Nightmare,The Idaho Murders: College Nightmare: Season 1,3
Germany,DE,2026-08-16,TV,5,The Bombing of Pan Am 103,The Bombing of Pan Am 103: Limited Series,3
Germany,DE,2026-08-16,TV,6,Murder in a Small Town,Murder in a Small Town: Season 1,2
Germany,DE,2026-08-16,TV,7,My Brilliant Career,My Brilliant Career: Season 1,1
Germany,DE,2026-08-16,TV,8,I Will Find You,I Will Find You: Limited Series,9
Germany,DE,2026-08-16,TV,9,MOURINHO,MOURINHO: Season 1,1
Germany,DE,2026-08-16,TV,10,Murder in a Small Town,Murder in a Small Town: Season 2,2
Germany,DE,2026-08-23,Films,1,"My Best Friend, His Girlfriend and Me",,2
Germany,DE,2026-08-23,Films,2,Facing El Chapo,,1
Germany,DE,2026-08-23,Films,3,The Last House,,3
Germany,DE,2026-08-23,Films,4,Don't Say Good Luck,,2
Germany,DE,2026-08-23,Films,5,Breaking In,,2
Germany,DE,2026-08-23,Films,6,Black Adam,,2
Germany,DE,2026-08-23,Films,7,To the Max,,1
Germany,DE,2026-08-23,Films,8,72 HOURS,,5
Germany,DE,2026-08-23,Films,9,Freefall: A Reckoning for Boeing,,1
Germany,DE,2026-08-23,Films,10,Bastarden,,1
Germany,DE,2026-08-23,TV,1,Blood Sacrifice,Blood Sacrifice: Season 1,1
Germany,DE,2026-08-23,TV,2,Outer Banks,Outer Banks: Season 5,1
Germany,DE,2026-08-23,TV,3,My Life With the Walter Boys,My Life With the Walter Boys: Season 3,3
Germany,DE,2026-08-23,TV,4,My Brilliant Career,My Brilliant Career: Season 1,2
Germany,DE,2026-08-23,TV,5,Conversations with a Killer: The Charles Manson Tapes,Conversations with a Killer: The Charles Manson Tapes: Season 1,2
Germany,DE,2026-08-23,TV,6,I Will Find You,I Will Find You: Limited Series,10
Germany,DE,2026-08-23,TV,7,Kaulitz & Kaulitz,Kaulitz & Kaulitz: Season 3,5
Germany,DE,2026-08-23,TV,8,Seal Team,Seal Team: Season 1,1
Germany,DE,2026-08-23,TV,9,The Idaho Murders: College Nightmare,The Idaho Murders: College Nightmare: Season 1,4
Germany,DE,2026-08-23,TV,10,Murder in a Small Town,Murder in a Small Town: Season 1,3
Germany,DE,2026-08-30,Films,1,Grand Theft Auto VI: An Extended Look,,1
Germany,DE,2026-08-30,Films,2,The Whisper Man,,1
Germany,DE,2026-08-30,Films,3,Regretting You,,1
Germany,DE,2026-08-30,Films,4,Facing El Chapo,,2
Germany,DE,2026-08-30,Films,5,The Secret Woman,,1
Germany,DE,2026-08-30,Films,6,Companion,,1
Germany,DE,2026-08-30,Films,7,The Last House,,4
Germany,DE,2026-08-30,Films,8,"My Best Friend, His Girlfriend and Me",,3
Germany,DE,2026-08-30,Films,9,72 HOURS,,6
Germany,DE,2026-08-30,Films,10,Wifelike,,1
Germany,DE,2026-08-30,TV,1,Blood Sacrifice,Blood Sacrifice: Season 1,2
Germany,DE,2026-08-30,TV,2,Death of the Pastor's Wife,Death of the Pastor's Wife: Season 1,1
Germany,DE,2026-08-30,TV,3,Outer Banks,Outer Banks: Season 5,2
Germany,DE,2026-08-30,TV,4,Beauty in Black,Beauty in Black: Season 3,1
Germany,DE,2026-08-30,TV,5,Salish & Jordan Matter,Salish & Jordan Matter: Season 3,1
Germany,DE,2026-08-30,TV,6,My Life With the Walter Boys,My Life With the Walter Boys: Season 3,4
Germany,DE,2026-08-30,TV,7,Seal Team,Seal Team: Season 1,2
Germany,DE,2026-08-30,TV,8,I Will Find You,I Will Find You: Limited Series,11
Germany,DE,2026-08-30,TV,9,Love Is Blind: UK,Love Is Blind: UK: Season 3,1
Germany,DE,2026-08-30,TV,10,Outer Banks,Outer Banks: Season 1,10
Germany,DE,2026-09-06,Films,1,The Whisper Man,,2
Germany,DE,2026-09-06,Films,2,The Secret Woman,,2
Germany,DE,2026-09-06,Films,3,Regretting You,,2
Germany,DE,2026-09-06,Films,4,Dune: Part Two,,1
Germany,DE,2026-09-06,Films,5,Grand Theft Auto VI: An Extended Look,,2
Germany,DE,2026-09-06,Films,6,Turning Point: Generation 9/11,,1
Germany,DE,2026-09-06,Films,7,Facing El Chapo,,3
Germany,DE,2026-09-06,Films,8,The Hard Corps,,1
Germany,DE,2026-09-06,Films,9,Anacondas: Trail of Blood,,1
Germany,DE,2026-09-06,Films,10,Companion,,2
Germany,DE,2026-09-06,TV,1,The Gentlemen,The Gentlemen: Season 2,1
Germany,DE,2026-09-06,TV,2,Death of the Pastor's Wife,Death of the Pastor's Wife: Season 1,2
Germany,DE,2026-09-06,TV,3,Blood Sacrifice,Blood Sacrifice: Season 1,3
Germany,DE,2026-09-06,TV,4,Beauty in Black,Beauty in Black: Season 3,2
Germany,DE,2026-09-06,TV,5,Outer Banks,Outer Banks: Season 5,3
Germany,DE,2026-09-06,TV,6,The Gentlemen,The Gentlemen: Season 1,10
Germany,DE,2026-09-06,TV,7,Salish & Jordan Matter,Salish & Jordan Matter: Season 3,2
Germany,DE,2026-09-06,TV,8,All the Truth in My Lies,All the Truth in My Lies: Limited Series,1
Germany,DE,2026-09-06,TV,9,My Life With the Walter Boys,My Life With the Walter Boys: Season 3,5
Germany,DE,2026-09-06,TV,10,Resident Alien,Resident Alien: Season 4,1
Germany,DE,2026-09-13,Films,1,The Whisper Man,,3
Germany,DE,2026-09-13,Films,2,Rheingold,,1
Germany,DE,2026-09-13,Films,3,The Secret Woman,,3
Germany,DE,2026-09-13,Films,4,The Breadwinner,,1
Germany,DE,2026-09-13,Films,5,Dune: Part Two,,2
Germany,DE,2026-09-13,Films,6,Turning Point: Generation 9/11,,2
Germany,DE,2026-09-13,Films,7,Regretting You,,3
Germany,DE,2026-09-13,Films,8,Margaux,,1
Germany,DE,2026-09-13,Films,9,Dune,,7
Germany,DE,2026-09-13,Films,10,Why Did I Get Married Again?,,1
Germany,DE,2026-09-13,TV,1,The Gentlemen,The Gentlemen: Season 2,2
Germany,DE,2026-09-13,TV,2,Crew Girl,Crew Girl: Season 1,1
Germany,DE,2026-09-13,TV,3,The Gentlemen,The Gentlemen: Season 1,11
Germany,DE,2026-09-13,TV,4,The Perfect Lie,The Perfect Lie: Season 1,1
Germany,DE,2026-09-13,TV,5,Blood Sacrifice,Blood Sacrifice: Season 1,4
Germany,DE,2026-09-13,TV,6,Death of the Pastor's Wife,Death of the Pastor's Wife: Season 1,3
Germany,DE,2026-09-13,TV,7,Outer Banks,Outer Banks: Season 5,4
Germany,DE,2026-09-13,TV,8,Instadocs: The Decoy Plane,,1
Germany,DE,2026-09-13,TV,9,Salish & Jordan Matter,Salish & Jordan Matter: Season 3,3
Germany,DE,2026-09-13,TV,10,Fauda,Fauda: Season 5,1
Germany,DE,2026-09-20,Films,1,Nocturnal Animals,,1
Germany,DE,2026-09-20,Films,2,Wunderschöner,,1
Germany,DE,2026-09-20,Films,3,The Whisper Man,,4
Germany,DE,2026-09-20,Films,4,Einfach Mal Was Schönes,,1
Germany,DE,2026-09-20,Films,5,Rheingold,,2
Germany,DE,2026-09-20,Films,6,Margaux,,2
Germany,DE,2026-09-20,Films,7,The Secret Woman,,4
Germany,DE,2026-09-20,Films,8,Dune: Part Two,,3
Germany,DE,2026-09-20,Films,9,Regretting You,,4
Germany,DE,2026-09-20,Films,10,Turning Point: Generation 9/11,,3
Germany,DE,2026-09-20,TV,1,Crew Girl,Crew Girl: Season 1,2
Germany,DE,2026-09-20,TV,2,Monster: The Lizzie Borden Story,Monster: The Lizzie Borden Story: Season 1,1
Germany,DE,2026-09-20,TV,3,The Perfect Lie,The Perfect Lie: Season 1,2
Germany,DE,2026-09-20,TV,4,The Gentlemen,The Gentlemen: Season 2,3
Germany,DE,2026-09-20,TV,5,Not a Stranger,Not a Stranger: Season 1,1
Germany,DE,2026-09-20,TV,6,The Gentlemen,The Gentlemen: Season 1,12
Germany,DE,2026-09-20,TV,7,Gabby's Dollhouse,Gabby's Dollhouse: Season 14,1
Germany,DE,2026-09-20,TV,8,The Doll,The Doll: Limited Series,1
Germany,DE,2026-09-20,TV,9,Blood Sacrifice,Blood Sacrifice: Season 1,5
Germany,DE,2026-09-20,TV,10,Outer Banks,Outer Banks: Season 5,5
France,FR,2026-07-05,Films,1,Enola Holmes 3,,1
France,FR,2026-07-05,Films,2,Les Condés,,2
France,FR,2026-07-05,Films,3,Voicemails for Isabelle,,3
France,FR,2026-07-05,Films,4,The Contractor,,1
France,FR,2026-07-05,Films,5,Angel Eyes,,1
France,FR,2026-07-05,Films,6,Little Brother,,2
France,FR,2026-07-05,Films,7,Night at the Museum,,1
France,FR,2026-07-05,Films,8,Natacha (presque) hôtesse de l’air,,1
France,FR,2026-07-05,Films,9,Seven,,1
France,FR,2026-07-05,Films,10,KPop Demon Hunters,,43
France,FR,2026-07-05,TV,1,I Will Find You,I Will Find You: Limited Series,3
France,FR,2026-07-05,TV,2,Avatar: The Last Airbender,Avatar: The Last Airbender: Season 2,2
France,FR,2026-07-05,TV,3,Oasis,Oasis: Season 1,3
France,FR,2026-07-05,TV,4,Salish & Jordan Matter,Salish & Jordan Matter: Season 2,2
France,FR,2026-07-05,TV,5,Worst Neighbor Ever,Worst Neighbor Ever: Season 1,1
France,FR,2026-07-05,TV,6,Agent Kim Reactivated,Agent Kim Reactivated: Limited Series,2
France,FR,2026-07-05,TV,7,Another Self,Another Self: Season 3,2
France,FR,2026-07-05,TV,8,Teach You a Lesson,Teach You a Lesson: Limited Series,4
France,FR,2026-07-05,TV,9,Avatar: The Last Airbender,Avatar: The Last Airbender: Season 1,5
France,FR,2026-07-05,TV,10,The Polygamist,The Polygamist: Season 1,3
France,FR,2026-07-12,Films,1,Nothing to Lose,,1
France,FR,2026-07-12,Films,2,Enola Holmes 3,,2
France,FR,2026-07-12,Films,3,Les Condés,,3
France,FR,2026-07-12,Films,4,Voicemails for Isabelle,,4
France,FR,2026-07-12,Films,5,Natacha (presque) hôtesse de l’air,,2
France,FR,2026-07-12,Films,6,The Woman in the Yard,,1
France,FR,2026-07-12,Films,7,Journey to the Center of the Earth,,1
France,FR,2026-07-12,Films,8,Shipwrecked: Nightmare at Sea,,1
France,FR,2026-07-12,Films,9,Presidents,,1
France,FR,2026-07-12,Films,10,Seven,,2
France,FR,2026-07-12,TV,1,I Will Find You,I Will Find You: Limited Series,4
France,FR,2026-07-12,TV,2,Little House on the Prairie,Little House on the Prairie: Season 1,1
France,FR,2026-07-12,TV,3,Oasis,Oasis: Season 1,4
France,FR,2026-07-12,TV,4,Worst Neighbor Ever,Worst Neighbor Ever: Season 1,2
France,FR,2026-07-12,TV,5,Agent Kim Reactivated,Agent Kim Reactivated: Limited Series,3
France,FR,2026-07-12,TV,6,Avatar: The Last Airbender,Avatar: The Last Airbender: Season 2,3
France,FR,2026-07-12,TV,7,Salish & Jordan Matter,Salish & Jordan Matter: Season 2,3
France,FR,2026-07-12,TV,8,Teach You a Lesson,Teach You a Lesson: Limited Series,5
France,FR,2026-07-12,TV,9,Losing Judgment,Losing Judgment: Season 1,3
France,FR,2026-07-12,TV,10,Another Self,Another Self: Season 3,3
France,FR,2026-07-19,Films,1,Desire,,1
France,FR,2026-07-19,Films,2,The Retirement Plan,,1
France,FR,2026-07-19,Films,3,Nothing to Lose,,2
France,FR,2026-07-19,Films,4,Voicemails for Isabelle,,5
France,FR,2026-07-19,Films,5,Shipwrecked: Nightmare at Sea,,2
France,FR,2026-07-19,Films,6,What’s With This Granny!?,,1
France,FR,2026-07-19,Films,7,Enola Holmes 3,,3
France,FR,2026-07-19,Films,8,The Town,,1
France,FR,2026-07-19,Films,9,Les Condés,,4
France,FR,2026-07-19,Films,10,Death on the Nile,,1
France,FR,2026-07-19,TV,1,Little House on the Prairie,Little House on the Prairie: Season 1,2
France,FR,2026-07-19,TV,2,I Will Find You,I Will Find You: Limited Series,5
France,FR,2026-07-19,TV,3,Oasis,Oasis: Season 1,5
France,FR,2026-07-19,TV,4,José Totoy 3,,1
France,FR,2026-07-19,TV,5,Agent Kim Reactivated,Agent Kim Reactivated: Limited Series,4
France,FR,2026-07-19,TV,6,Avatar: The Last Airbender,Avatar: The Last Airbender: Season 2,4
France,FR,2026-07-19,TV,7,Losing Judgment,Losing Judgment: Season 1,4
France,FR,2026-07-19,TV,8,I'm Not Afraid,I'm Not Afraid: Limited Series,1
France,FR,2026-07-19,TV,9,Teach You a Lesson,Teach You a Lesson: Limited Series,6
France,FR,2026-07-19,TV,10,Salish & Jordan Matter,Salish & Jordan Matter: Season 2,4
France,FR,2026-07-26,Films,1,Elize: Shadows of a Woman,,1
France,FR,2026-07-26,Films,2,Desire,,2
France,FR,2026-07-26,Films,3,72 HOURS,,1
France,FR,2026-07-26,Films,4,Rapide,,1
France,FR,2026-07-26,Films,5,Barbie,,1
France,FR,2026-07-26,Films,6,The Truthers,,1
France,FR,2026-07-26,Films,7,A Toxic Love Story,,1
France,FR,2026-07-26,Films,8,Voicemails for Isabelle,,6
France,FR,2026-07-26,Films,9,The Retirement Plan,,2
France,FR,2026-07-26,Films,10,The Debt Collector,,1
France,FR,2026-07-26,TV,1,Elite Force,Elite Force: Season 1,1
France,FR,2026-07-26,TV,2,I Will Find You,I Will Find You: Limited Series,6
France,FR,2026-07-26,TV,3,The Map of Longing,The Map of Longing: Limited Series,1
France,FR,2026-07-26,TV,4,Oasis,Oasis: Season 1,6
France,FR,2026-07-26,TV,5,Agent Kim Reactivated,Agent Kim Reactivated: Limited Series,5
France,FR,2026-07-26,TV,6,My Daughter's Father,My Daughter's Father: Season 1,1
France,FR,2026-07-26,TV,7,Little House on the Prairie,Little House on the Prairie: Season 1,3
France,FR,2026-07-26,TV,8,Ransom Canyon,Ransom Canyon: Season 2,1
France,FR,2026-07-26,TV,9,The East Palace,The East Palace: Limited Series,1
France,FR,2026-07-26,TV,10,Salish & Jordan Matter,Salish & Jordan Matter: Season 2,5
France,FR,2026-08-02,Films,1,Elize: Shadows of a Woman,,2
France,FR,2026-08-02,Films,2,72 HOURS,,2
France,FR,2026-08-02,Films,3,Paulette,,1
France,FR,2026-08-02,Films,4,The Truthers,,2
France,FR,2026-08-02,Films,5,Drop,,1
France,FR,2026-08-02,Films,6,The Debt Collector,,2
France,FR,2026-08-02,Films,7,Voicemails for Isabelle,,7
France,FR,2026-08-02,Films,8,A Toxic Love Story,,2
France,FR,2026-08-02,Films,9,Desire,,3
France,FR,2026-08-02,Films,10,War Machine,,5
France,FR,2026-08-02,TV,1,Elite Force,Elite Force: Season 1,2
France,FR,2026-08-02,TV,2,The Idaho Murders: College Nightmare,The Idaho Murders: College Nightmare: Season 1,1
France,FR,2026-08-02,TV,3,My Daughter's Father,My Daughter's Father: Season 1,2
France,FR,2026-08-02,TV,4,I Will Find You,I Will Find You: Limited Series,7
France,FR,2026-08-02,TV,5,Ransom Canyon,Ransom Canyon: Season 2,2
France,FR,2026-08-02,TV,6,The Bombing of Pan Am 103,The Bombing of Pan Am 103: Limited Series,1
France,FR,2026-08-02,TV,7,Wrath,Wrath: Season 1,1
France,FR,2026-08-02,TV,8,Agent Kim Reactivated,Agent Kim Reactivated: Limited Series,6
France,FR,2026-08-02,TV,9,Oasis,Oasis: Season 1,7
France,FR,2026-08-02,TV,10,The Map of Longing,The Map of Longing: Limited Series,2
France,FR,2026-08-09,Films,1,The Last House,,1
France,FR,2026-08-09,Films,2,Paulette,,2
France,FR,2026-08-09,Films,3,Turbulence,,1
France,FR,2026-08-09,Films,4,Meg 2: The Trench,,1
France,FR,2026-08-09,Films,5,Elize: Shadows of a Woman,,3
France,FR,2026-08-09,Films,6,72 HOURS,,3
France,FR,2026-08-09,Films,7,Say Cheese,,1
France,FR,2026-08-09,Films,8,Dancing On,,1
France,FR,2026-08-09,Films,9,Spider-Man: Homecoming,,4
France,FR,2026-08-09,Films,10,Spider-Man: Far from Home,,4
France,FR,2026-08-09,TV,1,My Life With the Walter Boys,My Life With the Walter Boys: Season 3,1
France,FR,2026-08-09,TV,2,Elite Force,Elite Force: Season 1,3
France,FR,2026-08-09,TV,3,The Bombing of Pan Am 103,The Bombing of Pan Am 103: Limited Series,2
France,FR,2026-08-09,TV,4,The Idaho Murders: College Nightmare,The Idaho Murders: College Nightmare: Season 1,2
France,FR,2026-08-09,TV,5,Wrath,Wrath: Season 1,2
France,FR,2026-08-09,TV,6,I Will Find You,I Will Find You: Limited Series,8
France,FR,2026-08-09,TV,7,My Daughter's Father,My Daughter's Father: Season 1,3
France,FR,2026-08-09,TV,8,Ransom Canyon,Ransom Canyon: Season 2,3
France,FR,2026-08-09,TV,9,Oasis,Oasis: Season 1,8
France,FR,2026-08-09,TV,10,Agent Kim Reactivated,Agent Kim Reactivated: Limited Series,7
France,FR,2026-08-16,Films,1,The Last House,,2
France,FR,2026-08-16,Films,2,The Snow Must Go On,,1
France,FR,2026-08-16,Films,3,Nando Between Two Worlds - A Sintonia Film,,1
France,FR,2026-08-16,Films,4,Gran Turismo: Based on a True Story,,1
France,FR,2026-08-16,Films,5,Say Cheese,,2
France,FR,2026-08-16,Films,6,What a Girl Wants,,1
France,FR,2026-08-16,Films,7,The Wolf and the Lion,,1
France,FR,2026-08-16,Films,8,Elize: Shadows of a Woman,,4
France,FR,2026-08-16,Films,9,72 HOURS,,4
France,FR,2026-08-16,Films,10,Spider-Man: Homecoming,,5
France,FR,2026-08-16,TV,1,My Life With the Walter Boys,My Life With the Walter Boys: Season 3,2
France,FR,2026-08-16,TV,2,Elite Force,Elite Force: Season 1,4
France,FR,2026-08-16,TV,3,Conversations with a Killer: The Charles Manson Tapes,Conversations with a Killer: The Charles Manson Tapes: Season 1,1
France,FR,2026-08-16,TV,4,My Brilliant Career,My Brilliant Career: Season 1,1
France,FR,2026-08-16,TV,5,I Will Find You,I Will Find You: Limited Series,9
France,FR,2026-08-16,TV,6,The Bombing of Pan Am 103,The Bombing of Pan Am 103: Limited Series,3
France,FR,2026-08-16,TV,7,Our Sticky Love,Our Sticky Love: Limited Series,1
France,FR,2026-08-16,TV,8,MOURINHO,MOURINHO: Season 1,1
France,FR,2026-08-16,TV,9,Operation Safed Sagar: The Highest Air Force Mission,Operation Safed Sagar: The Highest Air Force Mission: Season 1,1
France,FR,2026-08-16,TV,10,The Idaho Murders: College Nightmare,The Idaho Murders: College Nightmare: Season 1,3
France,FR,2026-08-23,Films,1,The Last House,,3
France,FR,2026-08-23,Films,2,Serial Driver,,1
France,FR,2026-08-23,Films,3,Facing El Chapo,,1
France,FR,2026-08-23,Films,4,Blue Beetle,,1
France,FR,2026-08-23,Films,5,To the Max,,1
France,FR,2026-08-23,Films,6,Love Hurts,,1
France,FR,2026-08-23,Films,7,The Morning After,,1
France,FR,2026-08-23,Films,8,Don't Say Good Luck,,1
France,FR,2026-08-23,Films,9,Daddy’s in Trouble,,1
France,FR,2026-08-23,Films,10,Oh My Goodness!,,1
France,FR,2026-08-23,TV,1,Outer Banks,Outer Banks: Season 5,1
France,FR,2026-08-23,TV,2,Blood Sacrifice,Blood Sacrifice: Season 1,1
France,FR,2026-08-23,TV,3,My Brilliant Career,My Brilliant Career: Season 1,2
France,FR,2026-08-23,TV,4,My Life With the Walter Boys,My Life With the Walter Boys: Season 3,3
France,FR,2026-08-23,TV,5,Elite Force,Elite Force: Season 1,5
France,FR,2026-08-23,TV,6,Umthetho,Umthetho: Season 1,1
France,FR,2026-08-23,TV,7,I Will Find You,I Will Find You: Limited Series,10
France,FR,2026-08-23,TV,8,Seal Team,Seal Team: Season 1,1
France,FR,2026-08-23,TV,9,Conversations with a Killer: The Charles Manson Tapes,Conversations with a Killer: The Charles Manson Tapes: Season 1,2
France,FR,2026-08-23,TV,10,MOURINHO,MOURINHO: Season 1,2
France,FR,2026-08-30,Films,1,Grand Theft Auto VI: An Extended Look,,1
France,FR,2026-08-30,Films,2,The Whisper Man,,1
France,FR,2026-08-30,Films,3,Facing El Chapo,,2
France,FR,2026-08-30,Films,4,The Secret Woman,,1
France,FR,2026-08-30,Films,5,The Morning After,,2
France,FR,2026-08-30,Films,6,My Summer in Provence,,1
France,FR,2026-08-30,Films,7,Colombiana,,3
France,FR,2026-08-30,Films,8,The Last House,,4
France,FR,2026-08-30,Films,9,Oh My Goodness!,,2
France,FR,2026-08-30,Films,10,Serial Driver,,2
France,FR,2026-08-30,TV,1,Rhythm + Flow France,Rhythm + Flow France: Season 5,1
France,FR,2026-08-30,TV,2,Blood Sacrifice,Blood Sacrifice: Season 1,2
France,FR,2026-08-30,TV,3,Outer Banks,Outer Banks: Season 5,2
France,FR,2026-08-30,TV,4,Beauty in Black,Beauty in Black: Season 3,1
France,FR,2026-08-30,TV,5,Death of the Pastor's Wife,Death of the Pastor's Wife: Season 1,1
France,FR,2026-08-30,TV,6,Salish & Jordan Matter,Salish & Jordan Matter: Season 3,1
France,FR,2026-08-30,TV,7,My Life With the Walter Boys,My Life With the Walter Boys: Season 3,4
France,FR,2026-08-30,TV,8,Elite Force,Elite Force: Season 1,6
France,FR,2026-08-30,TV,9,My Brilliant Career,My Brilliant Career: Season 1,3
France,FR,2026-08-30,TV,10,Seal Team,Seal Team: Season 1,2
France,FR,2026-09-06,Films,1,The Whisper Man,,2
France,FR,2026-09-06,Films,2,The Secret Woman,,2
France,FR,2026-09-06,Films,3,The Equalizer 3,,1
France,FR,2026-09-06,Films,4,Grand Theft Auto VI: An Extended Look,,2
France,FR,2026-09-06,Films,5,The Boy Who Cried Wolf,,1
France,FR,2026-09-06,Films,6,Wifelike,,1
France,FR,2026-09-06,Films,7,Facing El Chapo,,3
France,FR,2026-09-06,Films,8,Anacondas: Trail of Blood,,1
France,FR,2026-09-06,Films,9,Labor Day,,1
France,FR,2026-09-06,Films,10,Turning Point: Generation 9/11,,1
France,FR,2026-09-06,TV,1,Rhythm + Flow France,Rhythm + Flow France: Season 5,2
France,FR,2026-09-06,TV,2,The Gentlemen,The Gentlemen: Season 2,1
France,FR,2026-09-06,TV,3,Beauty in Black,Beauty in Black: Season 3,2
France,FR,2026-09-06,TV,4,Outer Banks,Outer Banks: Season 5,3
France,FR,2026-09-06,TV,5,Death of the Pastor's Wife,Death of the Pastor's Wife: Season 1,2
France,FR,2026-09-06,TV,6,Blood Sacrifice,Blood Sacrifice: Season 1,3
France,FR,2026-09-06,TV,7,All the Truth in My Lies,All the Truth in My Lies: Limited Series,1
France,FR,2026-09-06,TV,8,Salish & Jordan Matter,Salish & Jordan Matter: Season 3,2
France,FR,2026-09-06,TV,9,The Gentlemen,The Gentlemen: Season 1,10
France,FR,2026-09-06,TV,10,My Life With the Walter Boys,My Life With the Walter Boys: Season 3,5
France,FR,2026-09-13,Films,1,Call My Agent! The Movie,,1
France,FR,2026-09-13,Films,2,The Little Things,,4
France,FR,2026-09-13,Films,3,The Whisper Man,,3
France,FR,2026-09-13,Films,4,The Secret Woman,,3
France,FR,2026-09-13,Films,5,How to Train Your Dragon,,1
France,FR,2026-09-13,Films,6,Toni,,1
France,FR,2026-09-13,Films,7,Monster-in-Law,,1
France,FR,2026-09-13,Films,8,Why Did I Get Married Again?,,1
France,FR,2026-09-13,Films,9,The Equalizer 3,,2
France,FR,2026-09-13,Films,10,Gandhari,,1
France,FR,2026-09-13,TV,1,The Gentlemen,The Gentlemen: Season 2,2
France,FR,2026-09-13,TV,2,Rhythm + Flow France,Rhythm + Flow France: Season 5,3
France,FR,2026-09-13,TV,3,Crew Girl,Crew Girl: Season 1,1
France,FR,2026-09-13,TV,4,The Gentlemen,The Gentlemen: Season 1,11
France,FR,2026-09-13,TV,5,The Perfect Lie,The Perfect Lie: Season 1,1
France,FR,2026-09-13,TV,6,Fauda,Fauda: Season 5,1
France,FR,2026-09-13,TV,7,Beauty in Black,Beauty in Black: Season 3,3
France,FR,2026-09-13,TV,8,Lovesick,Lovesick: Season 1,1
France,FR,2026-09-13,TV,9,Outer Banks,Outer Banks: Season 5,4
France,FR,2026-09-13,TV,10,Blood Sacrifice,Blood Sacrifice: Season 1,4
France,FR,2026-09-20,Films,1,Call My Agent! The Movie,,2
France,FR,2026-09-20,Films,2,The Little Things,,5
France,FR,2026-09-20,Films,3,How to Train Your Dragon,,2
France,FR,2026-09-20,Films,4,Anora,,1
France,FR,2026-09-20,Films,5,The Nun II,,1
France,FR,2026-09-20,Films,6,The Whisper Man,,4
France,FR,2026-09-20,Films,7,Why Did I Get Married Again?,,2
France,FR,2026-09-20,Films,8,The Secret Woman,,4
France,FR,2026-09-20,Films,9,Aline,,1
France,FR,2026-09-20,Films,10,Best of the Best,,1
France,FR,2026-09-20,TV,1,Monster: The Lizzie Borden Story,Monster: The Lizzie Borden Story: Season 1,1
France,FR,2026-09-20,TV,2,Crew Girl,Crew Girl: Season 1,2
France,FR,2026-09-20,TV,3,The Perfect Lie,The Perfect Lie: Season 1,2
France,FR,2026-09-20,TV,4,Rescapé : La série,Rescapé : La série: Season 1,1
France,FR,2026-09-20,TV,5,The Gentlemen,The Gentlemen: Season 2,3
France,FR,2026-09-20,TV,6,Not a Stranger,Not a Stranger: Season 1,1
France,FR,2026-09-20,TV,7,Gabby's Dollhouse,Gabby's Dollhouse: Season 14,1
France,FR,2026-09-20,TV,8,The Gentlemen,The Gentlemen: Season 1,12
France,FR,2026-09-20,TV,9,Fauda,Fauda: Season 5,2
France,FR,2026-09-20,TV,10,The Doll,The Doll: Limited Series,1
Italy,IT,2026-07-05,Films,1,Enola Holmes 3,,1
Italy,IT,2026-07-05,Films,2,Voicemails for Isabelle,,3
Italy,IT,2026-07-05,Films,3,Succede Anche Nelle Migliori Famiglie,,1
Italy,IT,2026-07-05,Films,4,Sonic the Hedgehog 3,,1
Italy,IT,2026-07-05,Films,5,Little Brother,,2
Italy,IT,2026-07-05,Films,6,The Contractor,,1
Italy,IT,2026-07-05,Films,7,Angel Eyes,,1
Italy,IT,2026-07-05,Films,8,Lavoreremo da Grandi,,2
Italy,IT,2026-07-05,Films,9,The Net,,1
Italy,IT,2026-07-05,Films,10,Night at the Museum,,1
Italy,IT,2026-07-05,TV,1,I Will Find You,I Will Find You: Limited Series,3
Italy,IT,2026-07-05,TV,2,Rhythm + Flow Italy,Rhythm + Flow Italy: Season 3,2
Italy,IT,2026-07-05,TV,3,Oasis,Oasis: Season 1,3
Italy,IT,2026-07-05,TV,4,Avatar: The Last Airbender,Avatar: The Last Airbender: Season 2,2
Italy,IT,2026-07-05,TV,5,Sullivan's Crossing,Sullivan's Crossing: Season 4,1
Italy,IT,2026-07-05,TV,6,Salish & Jordan Matter,Salish & Jordan Matter: Season 2,1
Italy,IT,2026-07-05,TV,7,Losing Judgment,Losing Judgment: Season 1,4
Italy,IT,2026-07-05,TV,8,Agent Kim Reactivated,Agent Kim Reactivated: Limited Series,2
Italy,IT,2026-07-05,TV,9,My Family,My Family: Season 2,4
Italy,IT,2026-07-05,TV,10,Worst Neighbor Ever,Worst Neighbor Ever: Season 1,1
Italy,IT,2026-07-12,Films,1,Enola Holmes 3,,2
Italy,IT,2026-07-12,Films,2,Shipwrecked: Nightmare at Sea,,1
Italy,IT,2026-07-12,Films,3,Anora,,1
Italy,IT,2026-07-12,Films,4,Il Bene Comune,,1
Italy,IT,2026-07-12,Films,5,Blood and Bone,,3
Italy,IT,2026-07-12,Films,6,Succede Anche Nelle Migliori Famiglie,,2
Italy,IT,2026-07-12,Films,7,Voicemails for Isabelle,,4
Italy,IT,2026-07-12,Films,8,Nothing to Lose,,1
Italy,IT,2026-07-12,Films,9,Sonic the Hedgehog 3,,2
Italy,IT,2026-07-12,Films,10,The Net,,2
Italy,IT,2026-07-12,TV,1,I Will Find You,I Will Find You: Limited Series,4
Italy,IT,2026-07-12,TV,2,Summer ’36,Summer ’36: Limited Series,1
Italy,IT,2026-07-12,TV,3,Rhythm + Flow Italy,Rhythm + Flow Italy: Season 3,3
Italy,IT,2026-07-12,TV,4,Little House on the Prairie,Little House on the Prairie: Season 1,1
Italy,IT,2026-07-12,TV,5,Sullivan's Crossing,Sullivan's Crossing: Season 4,2
Italy,IT,2026-07-12,TV,6,Oasis,Oasis: Season 1,4
Italy,IT,2026-07-12,TV,7,Losing Judgment,Losing Judgment: Season 1,5
Italy,IT,2026-07-12,TV,8,Avatar: The Last Airbender,Avatar: The Last Airbender: Season 2,3
Italy,IT,2026-07-12,TV,9,Agent Kim Reactivated,Agent Kim Reactivated: Limited Series,3
Italy,IT,2026-07-12,TV,10,Salish & Jordan Matter,Salish & Jordan Matter: Season 2,2
Italy,IT,2026-07-19,Films,1,Shipwrecked: Nightmare at Sea,,2
Italy,IT,2026-07-19,Films,2,Desire,,1
Italy,IT,2026-07-19,Films,3,Nothing to Lose,,2
Italy,IT,2026-07-19,Films,4,Journey 2: The Mysterious Island,,1
Italy,IT,2026-07-19,Films,5,Enola Holmes 3,,3
Italy,IT,2026-07-19,Films,6,Anora,,2
Italy,IT,2026-07-19,Films,7,Venom: The Last Dance,,1
Italy,IT,2026-07-19,Films,8,Il Bene Comune,,2
Italy,IT,2026-07-19,Films,9,Death on the Nile,,1
Italy,IT,2026-07-19,Films,10,The Town,,1
Italy,IT,2026-07-19,TV,1,I Will Find You,I Will Find You: Limited Series,5
Italy,IT,2026-07-19,TV,2,Little House on the Prairie,Little House on the Prairie: Season 1,2
Italy,IT,2026-07-19,TV,3,Oasis,Oasis: Season 1,5
Italy,IT,2026-07-19,TV,4,Losing Judgment,Losing Judgment: Season 1,6
Italy,IT,2026-07-19,TV,5,Agent Kim Reactivated,Agent Kim Reactivated: Limited Series,4
Italy,IT,2026-07-19,TV,6,Summer ’36,Summer ’36: Limited Series,2
Italy,IT,2026-07-19,TV,7,The Map of Longing,The Map of Longing: Limited Series,1
Italy,IT,2026-07-19,TV,8,I'm Not Afraid,I'm Not Afraid: Limited Series,1
Italy,IT,2026-07-19,TV,9,Avatar: The Last Airbender,Avatar: The Last Airbender: Season 2,4
Italy,IT,2026-07-19,TV,10,José Totoy 3,,1
Italy,IT,2026-07-26,Films,1,Desire,,2
Italy,IT,2026-07-26,Films,2,Elize: Shadows of a Woman,,1
Italy,IT,2026-07-26,Films,3,72 HOURS,,1
Italy,IT,2026-07-26,Films,4,A Lot Like Paris,,1
Italy,IT,2026-07-26,Films,5,The Truthers,,1
Italy,IT,2026-07-26,Films,6,The Creator,,1
Italy,IT,2026-07-26,Films,7,Venom: The Last Dance,,2
Italy,IT,2026-07-26,Films,8,Shipwrecked: Nightmare at Sea,,3
Italy,IT,2026-07-26,Films,9,The Debt Collector,,1
Italy,IT,2026-07-26,Films,10,A Toxic Love Story,,1
Italy,IT,2026-07-26,TV,1,Elite Force,Elite Force: Season 1,1
Italy,IT,2026-07-26,TV,2,I Will Find You,I Will Find You: Limited Series,6
Italy,IT,2026-07-26,TV,3,The Map of Longing,The Map of Longing: Limited Series,2
Italy,IT,2026-07-26,TV,4,Oasis,Oasis: Season 1,6
Italy,IT,2026-07-26,TV,5,My Daughter's Father,My Daughter's Father: Season 1,1
Italy,IT,2026-07-26,TV,6,Ransom Canyon,Ransom Canyon: Season 2,1
Italy,IT,2026-07-26,TV,7,Losing Judgment,Losing Judgment: Season 1,7
Italy,IT,2026-07-26,TV,8,Agent Kim Reactivated,Agent Kim Reactivated: Limited Series,5
Italy,IT,2026-07-26,TV,9,Little House on the Prairie,Little House on the Prairie: Season 1,3
Italy,IT,2026-07-26,TV,10,The East Palace,The East Palace: Limited Series,1
Italy,IT,2026-08-02,Films,1,72 HOURS,,2
Italy,IT,2026-08-02,Films,2,Elize: Shadows of a Woman,,2
Italy,IT,2026-08-02,Films,3,The Truthers,,2
Italy,IT,2026-08-02,Films,4,The Debt Collector,,2
Italy,IT,2026-08-02,Films,5,Someone Like You,,1
Italy,IT,2026-08-02,Films,6,Desire,,3
Italy,IT,2026-08-02,Films,7,Spider-Man: Far from Home,,1
Italy,IT,2026-08-02,Films,8,Buen Camino,,10
Italy,IT,2026-08-02,Films,9,A Toxic Love Story,,2
Italy,IT,2026-08-02,Films,10,Voicemails for Isabelle,,5
Italy,IT,2026-08-02,TV,1,Elite Force,Elite Force: Season 1,2
Italy,IT,2026-08-02,TV,2,My Daughter's Father,My Daughter's Father: Season 1,2
Italy,IT,2026-08-02,TV,3,The Bombing of Pan Am 103,The Bombing of Pan Am 103: Limited Series,1
Italy,IT,2026-08-02,TV,4,The Idaho Murders: College Nightmare,The Idaho Murders: College Nightmare: Season 1,1
Italy,IT,2026-08-02,TV,5,I Will Find You,I Will Find You: Limited Series,7
Italy,IT,2026-08-02,TV,6,Ransom Canyon,Ransom Canyon: Season 2,2
Italy,IT,2026-08-02,TV,7,Oasis,Oasis: Season 1,7
Italy,IT,2026-08-02,TV,8,Wrath,Wrath: Season 1,1
Italy,IT,2026-08-02,TV,9,The Map of Longing,The Map of Longing: Limited Series,3
Italy,IT,2026-08-02,TV,10,Ransom Canyon,Ransom Canyon: Season 1,5
Italy,IT,2026-08-09,Films,1,The Last House,,1
Italy,IT,2026-08-09,Films,2,72 HOURS,,3
Italy,IT,2026-08-09,Films,3,Elize: Shadows of a Woman,,3
Italy,IT,2026-08-09,Films,4,Ricomincio da TAAAC,,1
Italy,IT,2026-08-09,Films,5,Spider-Man: Far from Home,,2
Italy,IT,2026-08-09,Films,6,The Truthers,,3
Italy,IT,2026-08-09,Films,7,Buen Camino,,11
Italy,IT,2026-08-09,Films,8,Dragon Wars,,1
Italy,IT,2026-08-09,Films,9,She's Out of My League,,3
Italy,IT,2026-08-09,Films,10,Something's Gotta Give,,1
Italy,IT,2026-08-09,TV,1,My Life With the Walter Boys,My Life With the Walter Boys: Season 3,1
Italy,IT,2026-08-09,TV,2,The Bombing of Pan Am 103,The Bombing of Pan Am 103: Limited Series,2
Italy,IT,2026-08-09,TV,3,Wrath,Wrath: Season 1,2
Italy,IT,2026-08-09,TV,4,I Will Find You,I Will Find You: Limited Series,8
Italy,IT,2026-08-09,TV,5,The Idaho Murders: College Nightmare,The Idaho Murders: College Nightmare: Season 1,2
Italy,IT,2026-08-09,TV,6,Oasis,Oasis: Season 1,8
Italy,IT,2026-08-09,TV,7,Elite Force,Elite Force: Season 1,3
Italy,IT,2026-08-09,TV,8,My Daughter's Father,My Daughter's Father: Season 1,3
Italy,IT,2026-08-09,TV,9,Ransom Canyon,Ransom Canyon: Season 2,3
Italy,IT,2026-08-09,TV,10,WWE SummerSlam,WWE SummerSlam: SummerSlam 2026 Sunday,1
Italy,IT,2026-08-16,Films,1,The Beekeeper,,1
Italy,IT,2026-08-16,Films,2,The Last House,,2
Italy,IT,2026-08-16,Films,3,Extinction,,1
Italy,IT,2026-08-16,Films,4,Nando Between Two Worlds - A Sintonia Film,,1
Italy,IT,2026-08-16,Films,5,Edge of Tomorrow,,1
Italy,IT,2026-08-16,Films,6,What a Girl Wants,,1
Italy,IT,2026-08-16,Films,7,72 HOURS,,4
Italy,IT,2026-08-16,Films,8,Elize: Shadows of a Woman,,4
Italy,IT,2026-08-16,Films,9,Buen Camino,,12
Italy,IT,2026-08-16,Films,10,Robin Hood,,1
Italy,IT,2026-08-16,TV,1,My Life With the Walter Boys,My Life With the Walter Boys: Season 3,2
Italy,IT,2026-08-16,TV,2,My Brilliant Career,My Brilliant Career: Season 1,1
Italy,IT,2026-08-16,TV,3,MOURINHO,MOURINHO: Season 1,1
Italy,IT,2026-08-16,TV,4,The Bombing of Pan Am 103,The Bombing of Pan Am 103: Limited Series,3
Italy,IT,2026-08-16,TV,5,I Will Find You,I Will Find You: Limited Series,9
Italy,IT,2026-08-16,TV,6,Our Sticky Love,Our Sticky Love: Limited Series,1
Italy,IT,2026-08-16,TV,7,Conversations with a Killer: The Charles Manson Tapes,Conversations with a Killer: The Charles Manson Tapes: Season 1,1
Italy,IT,2026-08-16,TV,8,Oasis,Oasis: Season 1,9
Italy,IT,2026-08-16,TV,9,My Life With the Walter Boys,My Life With the Walter Boys: Season 1,11
Italy,IT,2026-08-16,TV,10,Wrath,Wrath: Season 1,3
Italy,IT,2026-08-23,Films,1,The Beekeeper,,2
Italy,IT,2026-08-23,Films,2,Facing El Chapo,,1
Italy,IT,2026-08-23,Films,3,The Last House,,3
Italy,IT,2026-08-23,Films,4,Don't Say Good Luck,,1
Italy,IT,2026-08-23,Films,5,To the Max,,1
Italy,IT,2026-08-23,Films,6,Daddy’s in Trouble,,1
Italy,IT,2026-08-23,Films,7,"My Best Friend, His Girlfriend and Me",,1
Italy,IT,2026-08-23,Films,8,72 HOURS,,5
Italy,IT,2026-08-23,Films,9,Buen Camino,,13
Italy,IT,2026-08-23,Films,10,Nando Between Two Worlds - A Sintonia Film,,2
Italy,IT,2026-08-23,TV,1,Outer Banks,Outer Banks: Season 5,1
Italy,IT,2026-08-23,TV,2,Blood Sacrifice,Blood Sacrifice: Season 1,1
Italy,IT,2026-08-23,TV,3,My Brilliant Career,My Brilliant Career: Season 1,2
Italy,IT,2026-08-23,TV,4,My Life With the Walter Boys,My Life With the Walter Boys: Season 3,3
Italy,IT,2026-08-23,TV,5,I Will Find You,I Will Find You: Limited Series,10
Italy,IT,2026-08-23,TV,6,MOURINHO,MOURINHO: Season 1,2
Italy,IT,2026-08-23,TV,7,Oasis,Oasis: Season 1,10
Italy,IT,2026-08-23,TV,8,Seal Team,Seal Team: Season 1,1
Italy,IT,2026-08-23,TV,9,Conversations with a Killer: The Charles Manson Tapes,Conversations with a Killer: The Charles Manson Tapes: Season 1,2
Italy,IT,2026-08-23,TV,10,The Bombing of Pan Am 103,The Bombing of Pan Am 103: Limited Series,4
Italy,IT,2026-08-30,Films,1,Grand Theft Auto VI: An Extended Look,,1
Italy,IT,2026-08-30,Films,2,The Whisper Man,,1
Italy,IT,2026-08-30,Films,3,Facing El Chapo,,2
Italy,IT,2026-08-30,Films,4,L'Amore sta bene su tutto,,1
Italy,IT,2026-08-30,Films,5,The Secret Woman,,1
Italy,IT,2026-08-30,Films,6,Stella gemella,,1
Italy,IT,2026-08-30,Films,7,The Heat,,1
Italy,IT,2026-08-30,Films,8,The Last House,,4
Italy,IT,2026-08-30,Films,9,The Beekeeper,,3
Italy,IT,2026-08-30,Films,10,Buen Camino,,14
Italy,IT,2026-08-30,TV,1,Blood Sacrifice,Blood Sacrifice: Season 1,2
Italy,IT,2026-08-30,TV,2,Outer Banks,Outer Banks: Season 5,2
Italy,IT,2026-08-30,TV,3,Beauty in Black,Beauty in Black: Season 3,1
Italy,IT,2026-08-30,TV,4,My Life With the Walter Boys,My Life With the Walter Boys: Season 3,4
Italy,IT,2026-08-30,TV,5,Salish & Jordan Matter,Salish & Jordan Matter: Season 3,1
Italy,IT,2026-08-30,TV,6,My Brilliant Career,My Brilliant Career: Season 1,3
Italy,IT,2026-08-30,TV,7,Death of the Pastor's Wife,Death of the Pastor's Wife: Season 1,1
Italy,IT,2026-08-30,TV,8,I Will Find You,I Will Find You: Limited Series,11
Italy,IT,2026-08-30,TV,9,Outer Banks,Outer Banks: Season 1,7
Italy,IT,2026-08-30,TV,10,Seal Team,Seal Team: Season 1,2
Italy,IT,2026-09-06,Films,1,The Whisper Man,,2
Italy,IT,2026-09-06,Films,2,The Secret Woman,,2
Italy,IT,2026-09-06,Films,3,Stella gemella,,2
Italy,IT,2026-09-06,Films,4,L'Amore sta bene su tutto,,2
Italy,IT,2026-09-06,Films,5,Facing El Chapo,,3
Italy,IT,2026-09-06,Films,6,Grand Theft Auto VI: An Extended Look,,2
Italy,IT,2026-09-06,Films,7,Anacondas: Trail of Blood,,1
Italy,IT,2026-09-06,Films,8,The Sixth Sense,,1
Italy,IT,2026-09-06,Films,9,The Last House,,5
Italy,IT,2026-09-06,Films,10,The Beekeeper,,4
Italy,IT,2026-09-06,TV,1,The Gentlemen,The Gentlemen: Season 2,1
Italy,IT,2026-09-06,TV,2,Beauty in Black,Beauty in Black: Season 3,2
Italy,IT,2026-09-06,TV,3,All the Truth in My Lies,All the Truth in My Lies: Limited Series,1
Italy,IT,2026-09-06,TV,4,Outer Banks,Outer Banks: Season 5,3
Italy,IT,2026-09-06,TV,5,Blood Sacrifice,Blood Sacrifice: Season 1,3
Italy,IT,2026-09-06,TV,6,The Gentlemen,The Gentlemen: Season 1,12
Italy,IT,2026-09-06,TV,7,The Cleaning Lady,The Cleaning Lady: Season 4,1
Italy,IT,2026-09-06,TV,8,Salish & Jordan Matter,Salish & Jordan Matter: Season 3,2
Italy,IT,2026-09-06,TV,9,My Life With the Walter Boys,My Life With the Walter Boys: Season 3,5
Italy,IT,2026-09-06,TV,10,Death of the Pastor's Wife,Death of the Pastor's Wife: Season 1,2
Italy,IT,2026-09-13,Films,1,The Little Things,,4
Italy,IT,2026-09-13,Films,2,The Whisper Man,,3
Italy,IT,2026-09-13,Films,3,The Secret Woman,,3
Italy,IT,2026-09-13,Films,4,Kraven the Hunter,,1
Italy,IT,2026-09-13,Films,5,Practical Magic,,1
Italy,IT,2026-09-13,Films,6,The Sixth Sense,,2
Italy,IT,2026-09-13,Films,7,Why Did I Get Married Again?,,1
Italy,IT,2026-09-13,Films,8,Stella gemella,,3
Italy,IT,2026-09-13,Films,9,Turning Point: Generation 9/11,,1
Italy,IT,2026-09-13,Films,10,Monster-in-Law,,1
Italy,IT,2026-09-13,TV,1,The Gentlemen,The Gentlemen: Season 2,2
Italy,IT,2026-09-13,TV,2,Physical 100: Italy,Physical 100: Italy: Season 1,1
Italy,IT,2026-09-13,TV,3,The Gentlemen,The Gentlemen: Season 1,13
Italy,IT,2026-09-13,TV,4,Crew Girl,Crew Girl: Season 1,1
Italy,IT,2026-09-13,TV,5,The Perfect Lie,The Perfect Lie: Season 1,1
Italy,IT,2026-09-13,TV,6,The Cleaning Lady,The Cleaning Lady: Season 4,2
Italy,IT,2026-09-13,TV,7,Beauty in Black,Beauty in Black: Season 3,3
Italy,IT,2026-09-13,TV,8,Fauda,Fauda: Season 5,1
Italy,IT,2026-09-13,TV,9,Outer Banks,Outer Banks: Season 5,4
Italy,IT,2026-09-13,TV,10,Blood Sacrifice,Blood Sacrifice: Season 1,4
Italy,IT,2026-09-20,Films,1,The Little Things,,5
Italy,IT,2026-09-20,Films,2,Kraven the Hunter,,2
Italy,IT,2026-09-20,Films,3,The Whisper Man,,4
Italy,IT,2026-09-20,Films,4,Practical Magic,,2
Italy,IT,2026-09-20,Films,5,The Secret Woman,,4
Italy,IT,2026-09-20,Films,6,Race for Glory: Audi vs. Lancia,,1
Italy,IT,2026-09-20,Films,7,Why Did I Get Married Again?,,2
Italy,IT,2026-09-20,Films,8,Monster-in-Law,,2
Italy,IT,2026-09-20,Films,9,Franco Battiato: The Long Journey,,1
Italy,IT,2026-09-20,Films,10,Best of the Best,,1
Italy,IT,2026-09-20,TV,1,Physical 100: Italy,Physical 100: Italy: Season 1,2
Italy,IT,2026-09-20,TV,2,Crew Girl,Crew Girl: Season 1,2
Italy,IT,2026-09-20,TV,3,Monster: The Lizzie Borden Story,Monster: The Lizzie Borden Story: Season 1,1
Italy,IT,2026-09-20,TV,4,The Perfect Lie,The Perfect Lie: Season 1,2
Italy,IT,2026-09-20,TV,5,The Gentlemen,The Gentlemen: Season 2,3
Italy,IT,2026-09-20,TV,6,Not a Stranger,Not a Stranger: Season 1,1
Italy,IT,2026-09-20,TV,7,The Gentlemen,The Gentlemen: Season 1,14
Italy,IT,2026-09-20,TV,8,Gabby's Dollhouse,Gabby's Dollhouse: Season 14,1
Italy,IT,2026-09-20,TV,9,The Doll,The Doll: Limited Series,1
Italy,IT,2026-09-20,TV,10,Fauda,Fauda: Season 5,2
Japan,JP,2026-07-05,Films,1,Kaede: Our Echoing Stars,,2
Japan,JP,2026-07-05,Films,2,Enola Holmes 3,,1
Japan,JP,2026-07-05,Films,3,Admiral Yamamoto,,1
Japan,JP,2026-07-05,Films,4,SUZUKI=BAKUDAN,,14
Japan,JP,2026-07-05,Films,5,Teasing Master Takagi-san Movie,,1
Japan,JP,2026-07-05,Films,6,The Beekeeper,,4
Japan,JP,2026-07-05,Films,7,Blank Canvas: My So-Called Artist's Journey,,3
Japan,JP,2026-07-05,Films,8,Into the Blue,,1
Japan,JP,2026-07-05,Films,9,Husbands in Action,,3
Japan,JP,2026-07-05,Films,10,The Wicker Man,,1
Japan,JP,2026-07-05,TV,1,Human Vapor,Human Vapor: Season 1,1
Japan,JP,2026-07-05,TV,2,Agent Kim Reactivated,Agent Kim Reactivated: Limited Series,2
Japan,JP,2026-07-05,TV,3,Teach You a Lesson,Teach You a Lesson: Limited Series,5
Japan,JP,2026-07-05,TV,4,Vivant,Vivant: Season 1,6
Japan,JP,2026-07-05,TV,5,The Queen's Classroom,The Queen's Classroom: Season 1,1
Japan,JP,2026-07-05,TV,6,Notes from the Last Row,Notes from the Last Row: Limited Series,1
Japan,JP,2026-07-05,TV,7,That Time I Got Reincarnated as a Slime,That Time I Got Reincarnated as a Slime: Season 4,13
Japan,JP,2026-07-05,TV,8,Viral Hit,Viral Hit: Season 1,4
Japan,JP,2026-07-05,TV,9,The Haunted Palace,The Haunted Palace: Season 1,1
Japan,JP,2026-07-05,TV,10,The Ramparts of Ice,The Ramparts of Ice: Season 1,4
Japan,JP,2026-07-12,Films,1,True Beauty: The Movie Part 1,,1
Japan,JP,2026-07-12,Films,2,True Beauty: The Movie Part 2,,1
Japan,JP,2026-07-12,Films,3,The Hustle,,1
Japan,JP,2026-07-12,Films,4,SUZUKI=BAKUDAN,,15
Japan,JP,2026-07-12,Films,5,Admiral Yamamoto,,2
Japan,JP,2026-07-12,Films,6,The 35-Year Promise,,1
Japan,JP,2026-07-12,Films,7,Enola Holmes 3,,2
Japan,JP,2026-07-12,Films,8,Missing Child Videotape,,1
Japan,JP,2026-07-12,Films,9,Kingdom2: Far and Away,,15
Japan,JP,2026-07-12,Films,10,The Creator,,1
Japan,JP,2026-07-12,TV,1,Human Vapor,Human Vapor: Season 1,2
Japan,JP,2026-07-12,TV,2,Mushoku Tensei: Jobless Reincarnation,Mushoku Tensei: Jobless Reincarnation: Season 3,1
Japan,JP,2026-07-12,TV,3,Chainsmoker Cat,Chainsmoker Cat: Season 1,1
Japan,JP,2026-07-12,TV,4,Agent Kim Reactivated,Agent Kim Reactivated: Limited Series,3
Japan,JP,2026-07-12,TV,5,Until the T-shirt Dries,Until the T-shirt Dries: Season 1,1
Japan,JP,2026-07-12,TV,6,Teach You a Lesson,Teach You a Lesson: Limited Series,6
Japan,JP,2026-07-12,TV,7,Vivant,Vivant: Season 1,7
Japan,JP,2026-07-12,TV,8,Sparks of Tomorrow,Sparks of Tomorrow: Season 1,1
Japan,JP,2026-07-12,TV,9,Zaininnouso (TBD),Zaininnouso (TBD): Season 1,1
Japan,JP,2026-07-12,TV,10,That Time I Got Reincarnated as a Slime,That Time I Got Reincarnated as a Slime: Season 4,14
Japan,JP,2026-07-19,Films,1,Kingdom: Return of The Great General,,5
Japan,JP,2026-07-19,Films,2,SUZUKI=BAKUDAN,,16
Japan,JP,2026-07-19,Films,3,True Beauty: The Movie Part 1,,2
Japan,JP,2026-07-19,Films,4,Kingdom2: Far and Away,,16
Japan,JP,2026-07-19,Films,5,Kingdom 3: The Flame of Destiny,,6
Japan,JP,2026-07-19,Films,6,The Little Things,,3
Japan,JP,2026-07-19,Films,7,True Beauty: The Movie Part 2,,2
Japan,JP,2026-07-19,Films,8,Death on the Nile,,1
Japan,JP,2026-07-19,Films,9,My Love Story with Yamada-kun at Lv999,,1
Japan,JP,2026-07-19,Films,10,Kingdom,,9
Japan,JP,2026-07-19,TV,1,Until the T-shirt Dries,Until the T-shirt Dries: Season 1,2
Japan,JP,2026-07-19,TV,2,Human Vapor,Human Vapor: Season 1,3
Japan,JP,2026-07-19,TV,3,Mushoku Tensei: Jobless Reincarnation,Mushoku Tensei: Jobless Reincarnation: Season 3,2
Japan,JP,2026-07-19,TV,4,Agent Kim Reactivated,Agent Kim Reactivated: Limited Series,4
Japan,JP,2026-07-19,TV,5,Smoking Behind the Supermarket With You,Smoking Behind the Supermarket With You: Season 1,1
Japan,JP,2026-07-19,TV,6,Chainsmoker Cat,Chainsmoker Cat: Season 1,2
Japan,JP,2026-07-19,TV,7,25 Years of You,25 Years of You: Season 1,1
Japan,JP,2026-07-19,TV,8,You and I Are Polar Opposites,You and I Are Polar Opposites: Season 1 Part 2,1
Japan,JP,2026-07-19,TV,9,I Became a Legend After My 10 Year-Long Last Stand,I Became a Legend After My 10 Year-Long Last Stand: Season 1,1
Japan,JP,2026-07-19,TV,10,The Exiled Heavy Knight Knows How To Game the System,The Exiled Heavy Knight Knows How To Game the System: Season 1,1
Japan,JP,2026-07-26,Films,1,The Convenience Store,,1
Japan,JP,2026-07-26,Films,2,Peleliu: Guernica of Paradise,,1
Japan,JP,2026-07-26,Films,3,Kraven the Hunter,,1
Japan,JP,2026-07-26,Films,4,Kingdom: Return of The Great General,,6
Japan,JP,2026-07-26,Films,5,The Little Things,,4
Japan,JP,2026-07-26,Films,6,Speak No Evil,,1
Japan,JP,2026-07-26,Films,7,Kingdom 3: The Flame of Destiny,,7
Japan,JP,2026-07-26,Films,8,Kingdom2: Far and Away,,17
Japan,JP,2026-07-26,Films,9,What’s So Great About Being 90 Years Old?,,1
Japan,JP,2026-07-26,Films,10,SUZUKI=BAKUDAN,,17
Japan,JP,2026-07-26,TV,1,Until the T-shirt Dries,Until the T-shirt Dries: Season 1,3
Japan,JP,2026-07-26,TV,2,GTO (2026),GTO (2026): Season 1,1
Japan,JP,2026-07-26,TV,3,Human Vapor,Human Vapor: Season 1,4
Japan,JP,2026-07-26,TV,4,GATE24:The Border,GATE24:The Border: Season 1,1
Japan,JP,2026-07-26,TV,5,You Can't Expense This!,You Can't Expense This!: Season 1,1
Japan,JP,2026-07-26,TV,6,Agent Kim Reactivated,Agent Kim Reactivated: Limited Series,5
Japan,JP,2026-07-26,TV,7,Vivant,Vivant: Season 1,8
Japan,JP,2026-07-26,TV,8,Mushoku Tensei: Jobless Reincarnation,Mushoku Tensei: Jobless Reincarnation: Season 3,3
Japan,JP,2026-07-26,TV,9,Black Trick: The Lawyer Who Controls Justice,Black Trick: The Lawyer Who Controls Justice: Season 1,1
Japan,JP,2026-07-26,TV,10,Smoking Behind the Supermarket With You,Smoking Behind the Supermarket With You: Season 1,2
Japan,JP,2026-08-02,Films,1,Crayon Shinchan the Movie: Super Hot! The Spicy Kasukabe Dancers,,1
Japan,JP,2026-08-02,Films,2,The Convenience Store,,2
Japan,JP,2026-08-02,Films,3,Elize: Shadows of a Woman,,1
Japan,JP,2026-08-02,Films,4,The Debt Collector,,1
Japan,JP,2026-08-02,Films,5,72 HOURS,,1
Japan,JP,2026-08-02,Films,6,Kingdom: Return of The Great General,,7
Japan,JP,2026-08-02,Films,7,Max,,1
Japan,JP,2026-08-02,Films,8,SUZUKI=BAKUDAN,,18
Japan,JP,2026-08-02,Films,9,Spider-Man: Homecoming,,1
Japan,JP,2026-08-02,Films,10,Despicable Me 4,,5
Japan,JP,2026-08-02,TV,1,Until the T-shirt Dries,Until the T-shirt Dries: Season 1,4
Japan,JP,2026-08-02,TV,2,Vivant,Vivant: Season 1,9
Japan,JP,2026-08-02,TV,3,GATE24:The Border,GATE24:The Border: Season 1,2
Japan,JP,2026-08-02,TV,4,GTO (2026),GTO (2026): Season 1,2
Japan,JP,2026-08-02,TV,5,Hero Without a Class: Who Even Needs Skills?!,Hero Without a Class: Who Even Needs Skills?!: Season 1,1
Japan,JP,2026-08-02,TV,6,Human Vapor,Human Vapor: Season 1,5
Japan,JP,2026-08-02,TV,7,Agent Kim Reactivated,Agent Kim Reactivated: Limited Series,6
Japan,JP,2026-08-02,TV,8,Mushoku Tensei: Jobless Reincarnation,Mushoku Tensei: Jobless Reincarnation: Season 3,4
Japan,JP,2026-08-02,TV,9,Smoking Behind the Supermarket With You,Smoking Behind the Supermarket With You: Season 1,3
Japan,JP,2026-08-02,TV,10,Spooky in Love,Spooky in Love: Limited Series,1
Japan,JP,2026-08-09,Films,1,Crayon Shinchan the Movie: Super Hot! The Spicy Kasukabe Dancers,,2
Japan,JP,2026-08-09,Films,2,The Last House,,1
Japan,JP,2026-08-09,Films,3,Doctor-X the Movie,,1
Japan,JP,2026-08-09,Films,4,On Summer Sand,,1
Japan,JP,2026-08-09,Films,5,Max,,2
Japan,JP,2026-08-09,Films,6,Spider-Man: Homecoming,,2
Japan,JP,2026-08-09,Films,7,Purehearted,,1
Japan,JP,2026-08-09,Films,8,Silent Night,,1
Japan,JP,2026-08-09,Films,9,Blade of the Immortal,,1
Japan,JP,2026-08-09,Films,10,The Convenience Store,,3
Japan,JP,2026-08-09,TV,1,Badly in Love,Badly in Love: Season 2,1
Japan,JP,2026-08-09,TV,2,Until the T-shirt Dries,Until the T-shirt Dries: Season 1,5
Japan,JP,2026-08-09,TV,3,Vivant,Vivant: Season 1,10
Japan,JP,2026-08-09,TV,4,GATE24:The Border,GATE24:The Border: Season 1,3
Japan,JP,2026-08-09,TV,5,Mushoku Tensei: Jobless Reincarnation,Mushoku Tensei: Jobless Reincarnation: Season 3,5
Japan,JP,2026-08-09,TV,6,Smoking Behind the Supermarket With You,Smoking Behind the Supermarket With You: Season 1,4
Japan,JP,2026-08-09,TV,7,Human Vapor,Human Vapor: Season 1,6
Japan,JP,2026-08-09,TV,8,GTO (2026),GTO (2026): Season 1,3
Japan,JP,2026-08-09,TV,9,Spooky in Love,Spooky in Love: Limited Series,2
Japan,JP,2026-08-09,TV,10,25 Years of You,25 Years of You: Season 1,2
Japan,JP,2026-08-16,Films,1,The Last House,,2
Japan,JP,2026-08-16,Films,2,Crayon Shinchan the Movie: Super Hot! The Spicy Kasukabe Dancers,,3
Japan,JP,2026-08-16,Films,3,Extinction,,1
Japan,JP,2026-08-16,Films,4,Doctor-X the Movie,,2
Japan,JP,2026-08-16,Films,5,Despicable Me 4,,6
Japan,JP,2026-08-16,Films,6,Kim Ji-Young: Born 1982,,1
Japan,JP,2026-08-16,Films,7,Spider-Man: Homecoming,,3
Japan,JP,2026-08-16,Films,8,THE RIBBON HERO,,1
Japan,JP,2026-08-16,Films,9,SUZUKI=BAKUDAN,,19
Japan,JP,2026-08-16,Films,10,Till We Meet Again on the Lily Hill,,2
Japan,JP,2026-08-16,TV,1,Badly in Love,Badly in Love: Season 2,2
Japan,JP,2026-08-16,TV,2,Until the T-shirt Dries,Until the T-shirt Dries: Season 1,6
Japan,JP,2026-08-16,TV,3,Our Sticky Love,Our Sticky Love: Limited Series,1
Japan,JP,2026-08-16,TV,4,Vivant,Vivant: Season 1,11
Japan,JP,2026-08-16,TV,5,GATE24:The Border,GATE24:The Border: Season 1,4
Japan,JP,2026-08-16,TV,6,"The Strongest Job Is Apparently Not a Hero or a Sage, but an Appraiser (Provisional)!","The Strongest Job Is Apparently Not a Hero or a Sage, but an Appraiser (Provisional)!: Season 1",1
Japan,JP,2026-08-16,TV,7,Human Vapor,Human Vapor: Season 1,7
Japan,JP,2026-08-16,TV,8,Smoking Behind the Supermarket With You,Smoking Behind the Supermarket With You: Season 1,5
Japan,JP,2026-08-16,TV,9,A Fading Summer,A Fading Summer: Season 1,1
Japan,JP,2026-08-16,TV,10,Mushoku Tensei: Jobless Reincarnation,Mushoku Tensei: Jobless Reincarnation: Season 3,6
Japan,JP,2026-08-23,Films,1,Sai: Disaster,,1
Japan,JP,2026-08-23,Films,2,Petals and Memories,,1
Japan,JP,2026-08-23,Films,3,The Last House,,3
Japan,JP,2026-08-23,Films,4,Anpanman: Chapon's Hero!,,1
Japan,JP,2026-08-23,Films,5,Crayon Shinchan the Movie: Super Hot! The Spicy Kasukabe Dancers,,4
Japan,JP,2026-08-23,Films,6,Despicable Me 4,,7
Japan,JP,2026-08-23,Films,7,Till We Meet Again on the Lily Hill,,3
Japan,JP,2026-08-23,Films,8,SUZUKI=BAKUDAN,,20
Japan,JP,2026-08-23,Films,9,Breaking In,,1
Japan,JP,2026-08-23,Films,10,Facing El Chapo,,1
Japan,JP,2026-08-23,TV,1,Badly in Love,Badly in Love: Season 2,3
Japan,JP,2026-08-23,TV,2,Until the T-shirt Dries,Until the T-shirt Dries: Season 1,7
Japan,JP,2026-08-23,TV,3,S&X,S&X: Season 1,1
Japan,JP,2026-08-23,TV,4,Vivant,Vivant: Season 1,12
Japan,JP,2026-08-23,TV,5,GATE24:The Border,GATE24:The Border: Season 1,5
Japan,JP,2026-08-23,TV,6,Our Sticky Love,Our Sticky Love: Limited Series,2
Japan,JP,2026-08-23,TV,7,Smoking Behind the Supermarket With You,Smoking Behind the Supermarket With You: Season 1,6
Japan,JP,2026-08-23,TV,8,Sai,Sai: Season 1,1
Japan,JP,2026-08-23,TV,9,Spooky in Love,Spooky in Love: Limited Series,3
Japan,JP,2026-08-23,TV,10,Mushoku Tensei: Jobless Reincarnation,Mushoku Tensei: Jobless Reincarnation: Season 3,7
Japan,JP,2026-08-30,Films,1,Sai: Disaster,,2
Japan,JP,2026-08-30,Films,2,Grand Theft Auto VI: An Extended Look,,1
Japan,JP,2026-08-30,Films,3,Last Mile,,1
Japan,JP,2026-08-30,Films,4,Facing El Chapo,,2
Japan,JP,2026-08-30,Films,5,It Comes,,3
Japan,JP,2026-08-30,Films,6,The Whisper Man,,1
Japan,JP,2026-08-30,Films,7,Anpanman: Chapon's Hero!,,2
Japan,JP,2026-08-30,Films,8,The Last House,,4
Japan,JP,2026-08-30,Films,9,Crayon Shinchan the Movie: Super Hot! The Spicy Kasukabe Dancers,,5
Japan,JP,2026-08-30,Films,10,Sonic the Hedgehog 3,,1
Japan,JP,2026-08-30,TV,1,Badly in Love,Badly in Love: Season 2,4
Japan,JP,2026-08-30,TV,2,Until the T-shirt Dries,Until the T-shirt Dries: Season 1,8
Japan,JP,2026-08-30,TV,3,Sai,Sai: Season 1,2
Japan,JP,2026-08-30,TV,4,S&X,S&X: Season 1,2
Japan,JP,2026-08-30,TV,5,GATE24:The Border,GATE24:The Border: Season 1,6
Japan,JP,2026-08-30,TV,6,Vivant,Vivant: Season 1,13
Japan,JP,2026-08-30,TV,7,Smoking Behind the Supermarket With You,Smoking Behind the Supermarket With You: Season 1,7
Japan,JP,2026-08-30,TV,8,Spooky in Love,Spooky in Love: Limited Series,4
Japan,JP,2026-08-30,TV,9,Though I Am an Inept Villainess,Though I Am an Inept Villainess: Season 1,1
Japan,JP,2026-08-30,TV,10,Mushoku Tensei: Jobless Reincarnation,Mushoku Tensei: Jobless Reincarnation: Season 3,8
Japan,JP,2026-09-06,Films,1,Last Mile,,2
Japan,JP,2026-09-06,Films,2,The Whisper Man,,2
Japan,JP,2026-09-06,Films,3,Anacondas: Trail of Blood,,1
Japan,JP,2026-09-06,Films,4,Mukoubuchi RAW: The Legend of High-Stakes Underground Mahjong Vol.1 – The Graduation,,1
Japan,JP,2026-09-06,Films,5,Strawberry Moon,,1
Japan,JP,2026-09-06,Films,6,It Comes,,4
Japan,JP,2026-09-06,Films,7,Sai: Disaster,,3
Japan,JP,2026-09-06,Films,8,The Sixth Sense,,1
Japan,JP,2026-09-06,Films,9,Mukoubuchi RAW: The Legend of High-Stakes Underground Mahjong Vol.3 - Narikin,,1
Japan,JP,2026-09-06,Films,10,2012,,1
Japan,JP,2026-09-06,TV,1,Badly in Love,Badly in Love: Season 2,5
Japan,JP,2026-09-06,TV,2,Until the T-shirt Dries,Until the T-shirt Dries: Season 1,9
Japan,JP,2026-09-06,TV,3,Mousetrap,Mousetrap: Limited Series,1
Japan,JP,2026-09-06,TV,4,"Eat, Sleep, then Wait for Happiness","Eat, Sleep, then Wait for Happiness: Season 1",1
Japan,JP,2026-09-06,TV,5,Vivant,Vivant: Season 1,14
Japan,JP,2026-09-06,TV,6,Smoking Behind the Supermarket With You,Smoking Behind the Supermarket With You: Season 1,8
Japan,JP,2026-09-06,TV,7,GATE24:The Border,GATE24:The Border: Season 1,7
Japan,JP,2026-09-06,TV,8,Sai,Sai: Season 1,3
Japan,JP,2026-09-06,TV,9,"Eat, Sleep, then Wait for Happiness","Eat, Sleep, then Wait for Happiness: Special",1
Japan,JP,2026-09-06,TV,10,S&X,S&X: Season 1,3
Japan,JP,2026-09-13,Films,1,Strawberry Moon,,2
Japan,JP,2026-09-13,Films,2,Killing for the Prosecution,,1
Japan,JP,2026-09-13,Films,3,Fujiko,,1
Japan,JP,2026-09-13,Films,4,Golden Kamuy -The Abashiri Prison Raid-,,1
Japan,JP,2026-09-13,Films,5,"One Second Ahead, One Second Behind",,1
Japan,JP,2026-09-13,Films,6,The Sixth Sense,,2
Japan,JP,2026-09-13,Films,7,Hercules,,1
Japan,JP,2026-09-13,Films,8,Anaconda 3: Offspring,,1
Japan,JP,2026-09-13,Films,9,Last Mile,,3
Japan,JP,2026-09-13,Films,10,The Whisper Man,,3
Japan,JP,2026-09-13,TV,1,Badly in Love,Badly in Love: Season 2,6
Japan,JP,2026-09-13,TV,2,Until the T-shirt Dries,Until the T-shirt Dries: Season 1,10
Japan,JP,2026-09-13,TV,3,Vivant,Vivant: Season 1,15
Japan,JP,2026-09-13,TV,4,Smoking Behind the Supermarket With You,Smoking Behind the Supermarket With You: Season 1,9
Japan,JP,2026-09-13,TV,5,Badly in Love,Badly in Love: Season 1,7
Japan,JP,2026-09-13,TV,6,GATE24:The Border,GATE24:The Border: Season 1,8
Japan,JP,2026-09-13,TV,7,25 Years of You,25 Years of You: Season 1,3
Japan,JP,2026-09-13,TV,8,Nozaki Shuhei Auditor of Bank,Nozaki Shuhei Auditor of Bank: Season 1,1
Japan,JP,2026-09-13,TV,9,Though I Am an Inept Villainess,Though I Am an Inept Villainess: Season 1,2
Japan,JP,2026-09-13,TV,10,Mushoku Tensei: Jobless Reincarnation,Mushoku Tensei: Jobless Reincarnation: Season 3,9
Japan,JP,2026-09-20,Films,1,Golden Kamuy -The Abashiri Prison Raid-,,2
Japan,JP,2026-09-20,Films,2,Ichi the Killer 4K,,1
Japan,JP,2026-09-20,Films,3,Hercules,,2
Japan,JP,2026-09-20,Films,4,Strawberry Moon,,3
Japan,JP,2026-09-20,Films,5,The Wild Robot,,1
Japan,JP,2026-09-20,Films,6,Fujiko,,2
Japan,JP,2026-09-20,Films,7,Killing for the Prosecution,,2
Japan,JP,2026-09-20,Films,8,Milky☆Subway: The Galactic Limited Express – the Movie,,3
Japan,JP,2026-09-20,Films,9,Jin-Roh: The Wolf Brigade,,1
Japan,JP,2026-09-20,Films,10,Bayside Shakedown 4: The Final,,1
Japan,JP,2026-09-20,TV,1,Plastic Beauty,Plastic Beauty: Season 1,1
Japan,JP,2026-09-20,TV,2,Until the T-shirt Dries,Until the T-shirt Dries: Season 1,11
Japan,JP,2026-09-20,TV,3,A Case,A Case: Season 1,1
Japan,JP,2026-09-20,TV,4,Badly in Love,Badly in Love: Season 2,7
Japan,JP,2026-09-20,TV,5,Vivant,Vivant: Season 1,16
Japan,JP,2026-09-20,TV,6,25 Years of You,25 Years of You: Season 1,4
Japan,JP,2026-09-20,TV,7,Smoking Behind the Supermarket With You,Smoking Behind the Supermarket With You: Season 1,10
Japan,JP,2026-09-20,TV,8,GATE24:The Border,GATE24:The Border: Season 1,9
Japan,JP,2026-09-20,TV,9,Nozaki Shuhei President of Bank,Nozaki Shuhei President of Bank: Season 1,1
Japan,JP,2026-09-20,TV,10,Though I Am an Inept Villainess,Though I Am an Inept Villainess: Season 1,3
South Korea,KR,2026-07-05,Films,1,Husbands in Action,,3
South Korea,KR,2026-07-05,Films,2,Hallan,,1
South Korea,KR,2026-07-05,Films,3,Enola Holmes 3,,1
South Korea,KR,2026-07-05,Films,4,The Creator,,2
South Korea,KR,2026-07-05,Films,5,Audrey,,1
South Korea,KR,2026-07-05,Films,6,The Favor,,1
South Korea,KR,2026-07-05,Films,7,Homecam,,3
South Korea,KR,2026-07-05,Films,8,Horror Express,,1
South Korea,KR,2026-07-05,Films,9,Run to the West,,5
South Korea,KR,2026-07-05,Films,10,Into the Blue,,1
South Korea,KR,2026-07-05,TV,1,Agent Kim Reactivated,Agent Kim Reactivated: Limited Series,2
South Korea,KR,2026-07-05,TV,2,Notes from the Last Row,Notes from the Last Row: Limited Series,2
South Korea,KR,2026-07-05,TV,3,Teach You a Lesson,Teach You a Lesson: Limited Series,5
South Korea,KR,2026-07-05,TV,4,Match to Marry: With Parents,Match to Marry: With Parents: Season 2,2
South Korea,KR,2026-07-05,TV,5,Human Vapor,Human Vapor: Season 1,1
South Korea,KR,2026-07-05,TV,6,I Will Find You,I Will Find You: Limited Series,3
South Korea,KR,2026-07-05,TV,7,My Royal Nemesis,My Royal Nemesis: Limited Series,9
South Korea,KR,2026-07-05,TV,8,"High Valley, Top Hero","High Valley, Top Hero 2026",2
South Korea,KR,2026-07-05,TV,9,Mercy For None,Mercy For None: Limited Series,7
South Korea,KR,2026-07-05,TV,10,Zanmang Loopy’s Mukbang,Zanmang Loopy’s Mukbang: Season 1,1
South Korea,KR,2026-07-12,Films,1,The Unrighteous,,1
South Korea,KR,2026-07-12,Films,2,Hallan,,2
South Korea,KR,2026-07-12,Films,3,The Beekeeper,,1
South Korea,KR,2026-07-12,Films,4,People and Meat,,1
South Korea,KR,2026-07-12,Films,5,The Favor,,2
South Korea,KR,2026-07-12,Films,6,Lobby,,1
South Korea,KR,2026-07-12,Films,7,The Noisy Mansion,,1
South Korea,KR,2026-07-12,Films,8,Husbands in Action,,4
South Korea,KR,2026-07-12,Films,9,Enola Holmes 3,,2
South Korea,KR,2026-07-12,Films,10,A Company Man,,4
South Korea,KR,2026-07-12,TV,1,Agent Kim Reactivated,Agent Kim Reactivated: Limited Series,3
South Korea,KR,2026-07-12,TV,2,Better Late Than Single,Better Late Than Single: Season 2,1
South Korea,KR,2026-07-12,TV,3,The Apartment Job,The Apartment Job: Limited Series,1
South Korea,KR,2026-07-12,TV,4,Teach You a Lesson,Teach You a Lesson: Limited Series,6
South Korea,KR,2026-07-12,TV,5,Notes from the Last Row,Notes from the Last Row: Limited Series,3
South Korea,KR,2026-07-12,TV,6,Human Vapor,Human Vapor: Season 1,2
South Korea,KR,2026-07-12,TV,7,Mercy For None,Mercy For None: Limited Series,8
South Korea,KR,2026-07-12,TV,8,Match to Marry: With Parents,Match to Marry: With Parents: Season 2,3
South Korea,KR,2026-07-12,TV,9,"High Valley, Top Hero","High Valley, Top Hero 2026",3
South Korea,KR,2026-07-12,TV,10,Chainsmoker Cat,Chainsmoker Cat: Season 1,1
South Korea,KR,2026-07-19,Films,1,The Beekeeper,,2
South Korea,KR,2026-07-19,Films,2,Lobby,,2
South Korea,KR,2026-07-19,Films,3,Sniper: No Nation,,1
South Korea,KR,2026-07-19,Films,4,People and Meat,,2
South Korea,KR,2026-07-19,Films,5,The Unrighteous,,2
South Korea,KR,2026-07-19,Films,6,The Accountant,,1
South Korea,KR,2026-07-19,Films,7,Husbands in Action,,5
South Korea,KR,2026-07-19,Films,8,The Noisy Mansion,,2
South Korea,KR,2026-07-19,Films,9,Hallan,,3
South Korea,KR,2026-07-19,Films,10,Death on the Nile,,1
South Korea,KR,2026-07-19,TV,1,The East Palace,The East Palace: Limited Series,1
South Korea,KR,2026-07-19,TV,2,Agent Kim Reactivated,Agent Kim Reactivated: Limited Series,4
South Korea,KR,2026-07-19,TV,3,The Apartment Job,The Apartment Job: Limited Series,2
South Korea,KR,2026-07-19,TV,4,Better Late Than Single,Better Late Than Single: Season 2,2
South Korea,KR,2026-07-19,TV,5,The Psychopath I Met,The Psychopath I Met: Season 1,1
South Korea,KR,2026-07-19,TV,6,Teach You a Lesson,Teach You a Lesson: Limited Series,7
South Korea,KR,2026-07-19,TV,7,Spooky in Love,Spooky in Love: Limited Series,1
South Korea,KR,2026-07-19,TV,8,Notes from the Last Row,Notes from the Last Row: Limited Series,4
South Korea,KR,2026-07-19,TV,9,Match to Marry: With Parents,Match to Marry: With Parents: Season 2,4
South Korea,KR,2026-07-19,TV,10,Human Vapor,Human Vapor: Season 1,3
South Korea,KR,2026-07-26,Films,1,The Beekeeper,,3
South Korea,KR,2026-07-26,Films,2,The Debt Collector,,1
South Korea,KR,2026-07-26,Films,3,Sniper: No Nation,,2
South Korea,KR,2026-07-26,Films,4,Quarantine 2: Terminal,,1
South Korea,KR,2026-07-26,Films,5,Elize: Shadows of a Woman,,1
South Korea,KR,2026-07-26,Films,6,Desire,,1
South Korea,KR,2026-07-26,Films,7,Husbands in Action,,6
South Korea,KR,2026-07-26,Films,8,Lobby,,3
South Korea,KR,2026-07-26,Films,9,People and Meat,,3
South Korea,KR,2026-07-26,Films,10,Mystic River,,2
South Korea,KR,2026-07-26,TV,1,The East Palace,The East Palace: Limited Series,2
South Korea,KR,2026-07-26,TV,2,Agent Kim Reactivated,Agent Kim Reactivated: Limited Series,5
South Korea,KR,2026-07-26,TV,3,The Apartment Job,The Apartment Job: Limited Series,3
South Korea,KR,2026-07-26,TV,4,Spooky in Love,Spooky in Love: Limited Series,2
South Korea,KR,2026-07-26,TV,5,Better Late Than Single,Better Late Than Single: Season 2,3
South Korea,KR,2026-07-26,TV,6,Teach You a Lesson,Teach You a Lesson: Limited Series,8
South Korea,KR,2026-07-26,TV,7,The Psychopath I Met,The Psychopath I Met: Season 1,2
South Korea,KR,2026-07-26,TV,8,Smoking Behind the Supermarket With You,Smoking Behind the Supermarket With You: Season 1,1
South Korea,KR,2026-07-26,TV,9,Match to Marry: With Parents,Match to Marry: With Parents: Season 2,5
South Korea,KR,2026-07-26,TV,10,Elite Force,Elite Force: Season 1,1
South Korea,KR,2026-08-02,Films,1,Demon Slayer: Kimetsu no Yaiba Infinity Castle I,,1
South Korea,KR,2026-08-02,Films,2,Wild Sing,,1
South Korea,KR,2026-08-02,Films,3,The Debt Collector,,2
South Korea,KR,2026-08-02,Films,4,Spider-Man: Homecoming,,4
South Korea,KR,2026-08-02,Films,5,Hindsight,,1
South Korea,KR,2026-08-02,Films,6,The Beekeeper,,4
South Korea,KR,2026-08-02,Films,7,Spider-Man: Far from Home,,5
South Korea,KR,2026-08-02,Films,8,Elize: Shadows of a Woman,,2
South Korea,KR,2026-08-02,Films,9,Roofman,,1
South Korea,KR,2026-08-02,Films,10,Husbands in Action,,7
South Korea,KR,2026-08-02,TV,1,The East Palace,The East Palace: Limited Series,3
South Korea,KR,2026-08-02,TV,2,Agent Kim Reactivated,Agent Kim Reactivated: Limited Series,6
South Korea,KR,2026-08-02,TV,3,Spooky in Love,Spooky in Love: Limited Series,3
South Korea,KR,2026-08-02,TV,4,The Apartment Job,The Apartment Job: Limited Series,4
South Korea,KR,2026-08-02,TV,5,Better Late Than Single: After Service,Better Late Than Single: After Service: Season 1,1
South Korea,KR,2026-08-02,TV,6,Better Late Than Single,Better Late Than Single: Season 2,4
South Korea,KR,2026-08-02,TV,7,Agent Kim Reactivated – the Universe,Agent Kim Reactivated – the Universe 2026,1
South Korea,KR,2026-08-02,TV,8,Teach You a Lesson,Teach You a Lesson: Limited Series,9
South Korea,KR,2026-08-02,TV,9,The Psychopath I Met,The Psychopath I Met: Season 1,3
South Korea,KR,2026-08-02,TV,10,Smoking Behind the Supermarket With You,Smoking Behind the Supermarket With You: Season 1,2
South Korea,KR,2026-08-09,Films,1,Wild Sing,,2
South Korea,KR,2026-08-09,Films,2,Demon Slayer: Kimetsu no Yaiba Infinity Castle I,,2
South Korea,KR,2026-08-09,Films,3,Spider-Man: Homecoming,,5
South Korea,KR,2026-08-09,Films,4,The Last House,,1
South Korea,KR,2026-08-09,Films,5,Spider-Man: Far from Home,,6
South Korea,KR,2026-08-09,Films,6,Max,,1
South Korea,KR,2026-08-09,Films,7,Husbands in Action,,8
South Korea,KR,2026-08-09,Films,8,The Beekeeper,,5
South Korea,KR,2026-08-09,Films,9,Roofman,,2
South Korea,KR,2026-08-09,Films,10,Hindsight,,2
South Korea,KR,2026-08-09,TV,1,I am Solo,I am Solo: Part 33,1
South Korea,KR,2026-08-09,TV,2,Our Sticky Love,Our Sticky Love: Limited Series,1
South Korea,KR,2026-08-09,TV,3,Spooky in Love,Spooky in Love: Limited Series,4
South Korea,KR,2026-08-09,TV,4,Badly in Love,Badly in Love: Season 2,1
South Korea,KR,2026-08-09,TV,5,The Apartment Job,The Apartment Job: Limited Series,5
South Korea,KR,2026-08-09,TV,6,The East Palace,The East Palace: Limited Series,4
South Korea,KR,2026-08-09,TV,7,Agent Kim Reactivated,Agent Kim Reactivated: Limited Series,7
South Korea,KR,2026-08-09,TV,8,Rookie Kim’s Stock Market Mission,Rookie Kim’s Stock Market Mission: Season 1,1
South Korea,KR,2026-08-09,TV,9,Better Late Than Single: After Service,Better Late Than Single: After Service: Season 1,2
South Korea,KR,2026-08-09,TV,10,Agent Kim Reactivated – the Universe,Agent Kim Reactivated – the Universe 2026,2
South Korea,KR,2026-08-16,Films,1,The Last House,,2
South Korea,KR,2026-08-16,Films,2,Wild Sing,,3
South Korea,KR,2026-08-16,Films,3,Extinction,,1
South Korea,KR,2026-08-16,Films,4,Demon Slayer: Kimetsu no Yaiba Infinity Castle I,,3
South Korea,KR,2026-08-16,Films,5,Spider-Man: Homecoming,,6
South Korea,KR,2026-08-16,Films,6,Spider-Man: Far from Home,,7
South Korea,KR,2026-08-16,Films,7,Edge of Tomorrow,,1
South Korea,KR,2026-08-16,Films,8,Christmas Carol,,4
South Korea,KR,2026-08-16,Films,9,The Beekeeper,,6
South Korea,KR,2026-08-16,Films,10,Husbands in Action,,9
South Korea,KR,2026-08-16,TV,1,Our Sticky Love,Our Sticky Love: Limited Series,2
South Korea,KR,2026-08-16,TV,2,I am Solo,I am Solo: Part 33,2
South Korea,KR,2026-08-16,TV,3,The Apartment Job,The Apartment Job: Limited Series,6
South Korea,KR,2026-08-16,TV,4,Badly in Love,Badly in Love: Season 2,2
South Korea,KR,2026-08-16,TV,5,"I'm SOLO, Love goes on","I'm SOLO, Love goes on: 2026 Part 2",1
South Korea,KR,2026-08-16,TV,6,Spooky in Love,Spooky in Love: Limited Series,5
South Korea,KR,2026-08-16,TV,7,Whenever Possible,Whenever Possible: Season 5,1
South Korea,KR,2026-08-16,TV,8,The East Palace,The East Palace: Limited Series,5
South Korea,KR,2026-08-16,TV,9,Agent Kim Reactivated,Agent Kim Reactivated: Limited Series,8
South Korea,KR,2026-08-16,TV,10,The Auditors,The Auditors: Season 1,1
South Korea,KR,2026-08-23,Films,1,The Last House,,3
South Korea,KR,2026-08-23,Films,2,Wild Sing,,4
South Korea,KR,2026-08-23,Films,3,Demon Slayer: Kimetsu no Yaiba Infinity Castle I,,4
South Korea,KR,2026-08-23,Films,4,Spider-Man: Homecoming,,7
South Korea,KR,2026-08-23,Films,5,Spider-Man: Far from Home,,8
South Korea,KR,2026-08-23,Films,6,Extinction,,2
South Korea,KR,2026-08-23,Films,7,Facing El Chapo,,1
South Korea,KR,2026-08-23,Films,8,The Beekeeper,,7
South Korea,KR,2026-08-23,Films,9,Cradle 2 the Grave,,1
South Korea,KR,2026-08-23,Films,10,Suicide Squad,,3
South Korea,KR,2026-08-23,TV,1,I am Solo,I am Solo: Part 33,3
South Korea,KR,2026-08-23,TV,2,Our Sticky Love,Our Sticky Love: Limited Series,3
South Korea,KR,2026-08-23,TV,3,The Apartment Job,The Apartment Job: Limited Series,7
South Korea,KR,2026-08-23,TV,4,Spooky in Love,Spooky in Love: Limited Series,6
South Korea,KR,2026-08-23,TV,5,Take a Hike!,Take a Hike!: Season 1,1
South Korea,KR,2026-08-23,TV,6,"I'm SOLO, Love goes on","I'm SOLO, Love goes on: 2026 Part 2",2
South Korea,KR,2026-08-23,TV,7,Badly in Love,Badly in Love: Season 2,3
South Korea,KR,2026-08-23,TV,8,The Auditors,The Auditors: Season 1,2
South Korea,KR,2026-08-23,TV,9,Your Honor,Your Honor: Season 1,1
South Korea,KR,2026-08-23,TV,10,My AI Partner - Strange Love,My AI Partner - Strange Love 2026,1
South Korea,KR,2026-08-30,Films,1,Shelter,,1
South Korea,KR,2026-08-30,Films,2,Grand Theft Auto VI: An Extended Look,,1
South Korea,KR,2026-08-30,Films,3,Choir of God: Anthem,,1
South Korea,KR,2026-08-30,Films,4,Facing El Chapo,,2
South Korea,KR,2026-08-30,Films,5,The Whisper Man,,1
South Korea,KR,2026-08-30,Films,6,Wild Sing,,5
South Korea,KR,2026-08-30,Films,7,No Other Choice Extended Edition,,1
South Korea,KR,2026-08-30,Films,8,The Last House,,4
South Korea,KR,2026-08-30,Films,9,Demon Slayer: Kimetsu no Yaiba Infinity Castle I,,5
South Korea,KR,2026-08-30,Films,10,Spider-Man: Homecoming,,8
South Korea,KR,2026-08-30,TV,1,Mousetrap,Mousetrap: Limited Series,1
South Korea,KR,2026-08-30,TV,2,Your Honor,Your Honor: Season 1,2
South Korea,KR,2026-08-30,TV,3,I am Solo,I am Solo: Part 33,4
South Korea,KR,2026-08-30,TV,4,Spooky in Love,Spooky in Love: Limited Series,7
South Korea,KR,2026-08-30,TV,5,Take a Hike!,Take a Hike!: Season 1,2
South Korea,KR,2026-08-30,TV,6,"I'm SOLO, Love goes on","I'm SOLO, Love goes on: 2026 Part 2",3
South Korea,KR,2026-08-30,TV,7,Our Sticky Love,Our Sticky Love: Limited Series,4
South Korea,KR,2026-08-30,TV,8,Badly in Love,Badly in Love: Season 2,4
South Korea,KR,2026-08-30,TV,9,My Secretary,My Secretary: My Genie Secretary,1
South Korea,KR,2026-08-30,TV,10,"Four Hands, Two Sonatas","Four Hands, Two Sonatas: Limited Series",1
South Korea,KR,2026-09-06,Films,1,Shelter,,2
South Korea,KR,2026-09-06,Films,2,The Whisper Man,,2
South Korea,KR,2026-09-06,Films,3,Choir of God: Anthem,,2
South Korea,KR,2026-09-06,Films,4,The Secret Woman,,1
South Korea,KR,2026-09-06,Films,5,Anacondas: Trail of Blood,,1
South Korea,KR,2026-09-06,Films,6,Mobile Suit Gundam Hathaway: The Sorcery of Nymph Circe,,1
South Korea,KR,2026-09-06,Films,7,The Magnificent Seven,,1
South Korea,KR,2026-09-06,Films,8,The Hard Corps,,1
South Korea,KR,2026-09-06,Films,9,Wolf Man,,1
South Korea,KR,2026-09-06,Films,10,Demon Slayer: Kimetsu no Yaiba Infinity Castle I,,6
South Korea,KR,2026-09-06,TV,1,Mousetrap,Mousetrap: Limited Series,2
South Korea,KR,2026-09-06,TV,2,"Four Hands, Two Sonatas","Four Hands, Two Sonatas: Limited Series",2
South Korea,KR,2026-09-06,TV,3,I am Solo,I am Solo: Part 33,5
South Korea,KR,2026-09-06,TV,4,My Secretary,My Secretary: My Genie Secretary,2
South Korea,KR,2026-09-06,TV,5,"I'm SOLO, Love goes on","I'm SOLO, Love goes on: 2026 Part 2",4
South Korea,KR,2026-09-06,TV,6,Take a Hike!,Take a Hike!: Season 1,3
South Korea,KR,2026-09-06,TV,7,Your Honor,Your Honor: Season 1,3
South Korea,KR,2026-09-06,TV,8,Badly in Love,Badly in Love: Season 2,5
South Korea,KR,2026-09-06,TV,9,The Early Spring,The Early Spring: Season 1,1
South Korea,KR,2026-09-06,TV,10,Our Sticky Love,Our Sticky Love: Limited Series,5
South Korea,KR,2026-09-13,Films,1,Shelter,,3
South Korea,KR,2026-09-13,Films,2,Vanishing Point,,1
South Korea,KR,2026-09-13,Films,3,Troy,,1
South Korea,KR,2026-09-13,Films,4,Hercules,,1
South Korea,KR,2026-09-13,Films,5,Gandhari,,1
South Korea,KR,2026-09-13,Films,6,Choir of God: Anthem,,3
South Korea,KR,2026-09-13,Films,7,Anaconda 3: Offspring,,1
South Korea,KR,2026-09-13,Films,8,The Whisper Man,,3
South Korea,KR,2026-09-13,Films,9,The Blind Side,,1
South Korea,KR,2026-09-13,Films,10,Anacondas: Trail of Blood,,2
South Korea,KR,2026-09-13,TV,1,Mousetrap,Mousetrap: Limited Series,3
South Korea,KR,2026-09-13,TV,2,"Four Hands, Two Sonatas","Four Hands, Two Sonatas: Limited Series",3
South Korea,KR,2026-09-13,TV,3,I am Solo,I am Solo: Part 33,6
South Korea,KR,2026-09-13,TV,4,My Secretary,My Secretary: My Genie Secretary,3
South Korea,KR,2026-09-13,TV,5,"I'm SOLO, Love goes on","I'm SOLO, Love goes on: 2026 Part 2",5
South Korea,KR,2026-09-13,TV,6,Badly in Love,Badly in Love: Season 2,6
South Korea,KR,2026-09-13,TV,7,The Early Spring,The Early Spring: Season 1,2
South Korea,KR,2026-09-13,TV,8,Take a Hike!,Take a Hike!: Season 1,4
South Korea,KR,2026-09-13,TV,9,Physical 100: Italy,Physical 100: Italy: Season 1,1
South Korea,KR,2026-09-13,TV,10,Your Honor,Your Honor: Season 1,4
South Korea,KR,2026-09-20,Films,1,The Warriors,,1
South Korea,KR,2026-09-20,Films,2,Black Bag,,1
South Korea,KR,2026-09-20,Films,3,Troy,,2
South Korea,KR,2026-09-20,Films,4,Vanishing Point,,2
South Korea,KR,2026-09-20,Films,5,Margaux,,1
South Korea,KR,2026-09-20,Films,6,Shelter,,4
South Korea,KR,2026-09-20,Films,7,Hercules,,2
South Korea,KR,2026-09-20,Films,8,One Way Trip,,1
South Korea,KR,2026-09-20,Films,9,Choir of God: Anthem,,4
South Korea,KR,2026-09-20,Films,10,Demon Slayer: Kimetsu no Yaiba Infinity Castle I,,7
South Korea,KR,2026-09-20,TV,1,The Scandal,The Scandal: Limited Series,1
South Korea,KR,2026-09-20,TV,2,"Four Hands, Two Sonatas","Four Hands, Two Sonatas: Limited Series",4
South Korea,KR,2026-09-20,TV,3,Mousetrap,Mousetrap: Limited Series,4
South Korea,KR,2026-09-20,TV,4,I am Solo,I am Solo: Part 33,7
South Korea,KR,2026-09-20,TV,5,K-Shaman: True Horror Stories,K-Shaman: True Horror Stories: Season 2,1
South Korea,KR,2026-09-20,TV,6,My Secretary,My Secretary: My Genie Secretary,4
South Korea,KR,2026-09-20,TV,7,"I'm SOLO, Love goes on","I'm SOLO, Love goes on: 2026 Part 2",6
South Korea,KR,2026-09-20,TV,8,The Early Spring,The Early Spring: Season 1,3
South Korea,KR,2026-09-20,TV,9,Teach You a Lesson,Teach You a Lesson: Limited Series,10
South Korea,KR,2026-09-20,TV,10,Physical 100: Italy,Physical 100: Italy: Season 1,2
