title_id,show_title,category,n_markets,market_weeks,best_rank,markets,first_week_BR,first_week_DE,first_week_FR,first_week_IT,first_week_JP,first_week_KR
T01,Agent Kim Reactivated,TV,6,29,1,"BR,DE,FR,IT,JP,KR",2026-07-05,2026-07-05,2026-07-05,2026-07-05,2026-07-05,2026-07-05
T02,The Last House,Films,6,25,1,"BR,DE,FR,IT,JP,KR",2026-08-09,2026-08-09,2026-08-09,2026-08-09,2026-08-09,2026-08-09
T03,The Whisper Man,Films,6,22,1,"BR,DE,FR,IT,JP,KR",2026-08-30,2026-08-30,2026-08-30,2026-08-30,2026-08-30,2026-08-30
T04,Elize: Shadows of a Woman,Films,6,18,1,"BR,DE,FR,IT,JP,KR",2026-07-26,2026-07-26,2026-07-26,2026-07-26,2026-08-02,2026-07-26
T05,Enola Holmes 3,Films,6,17,1,"BR,DE,FR,IT,JP,KR",2026-07-05,2026-07-05,2026-07-05,2026-07-05,2026-07-05,2026-07-05
T06,Facing El Chapo,Films,6,16,2,"BR,DE,FR,IT,JP,KR",2026-08-23,2026-08-23,2026-08-23,2026-08-23,2026-08-23,2026-08-23
T07,Grand Theft Auto VI: An Extended Look,Films,6,9,1,"BR,DE,FR,IT,JP,KR",2026-08-30,2026-08-30,2026-08-30,2026-08-30,2026-08-30,2026-08-30
T08,Anacondas: Trail of Blood,Films,6,7,3,"BR,DE,FR,IT,JP,KR",2026-09-06,2026-09-06,2026-09-06,2026-09-06,2026-09-06,2026-09-06
T09,I Will Find You,TV,5,32,1,"BR,DE,FR,IT,KR",2026-07-05,2026-07-05,2026-07-05,2026-07-05,,2026-07-05
T10,72 HOURS,Films,5,20,1,"BR,DE,FR,IT,JP",2026-07-26,2026-07-26,2026-07-26,2026-07-26,2026-08-02,
T11,The Secret Woman,Films,5,17,2,"BR,DE,FR,IT,KR",2026-08-30,2026-08-30,2026-08-30,2026-08-30,,2026-09-06
T12,Elite Force,TV,5,15,1,"BR,DE,FR,IT,KR",2026-07-26,2026-07-26,2026-07-26,2026-07-26,,2026-07-26
T13,Desire,Films,5,13,1,"BR,DE,FR,IT,KR",2026-07-19,2026-07-19,2026-07-19,2026-07-19,,2026-07-26
T14,Our Sticky Love,TV,5,13,1,"BR,FR,IT,JP,KR",2026-08-09,,2026-08-16,2026-08-16,2026-08-16,2026-08-09
T15,The Debt Collector,Films,5,10,2,"BR,FR,IT,JP,KR",2026-07-26,,2026-07-26,2026-07-26,2026-08-02,2026-07-26
T16,Death on the Nile,Films,5,5,7,"DE,FR,IT,JP,KR",,2026-07-19,2026-07-19,2026-07-19,2026-07-19,2026-07-19
T17,My Life With the Walter Boys,TV,4,18,1,"BR,DE,FR,IT",2026-08-09,2026-08-09,2026-08-09,2026-08-09,,
T18,Salish & Jordan Matter,TV,4,18,4,"BR,DE,FR,IT",2026-07-05,2026-07-05,2026-07-05,2026-07-05,,
T19,Blood Sacrifice,TV,4,16,1,"BR,DE,FR,IT",2026-08-23,2026-08-23,2026-08-23,2026-08-23,,
T20,Outer Banks,TV,4,16,1,"BR,DE,FR,IT",2026-08-23,2026-08-23,2026-08-23,2026-08-23,,
