title_id,show_title,market,lang,qid,reason
T01,Agent Kim Reactivated,JP,ja,Q139553270,no jawiki sitelink
T01,Agent Kim Reactivated,BR,pt,Q139553270,no ptwiki sitelink
T02,The Last House,JP,ja,Q129165193,no jawiki sitelink
T02,The Last House,KR,ko,Q129165193,no kowiki sitelink
T03,The Whisper Man,JP,ja,Q133852597,no jawiki sitelink
T04,Elize: Shadows of a Woman,DE,de,Q140524489,no dewiki sitelink
T04,Elize: Shadows of a Woman,JP,ja,Q140524489,no jawiki sitelink
T04,Elize: Shadows of a Woman,IT,it,Q140524489,no itwiki sitelink
T04,Elize: Shadows of a Woman,KR,ko,Q140524489,no kowiki sitelink
T05,Enola Holmes 3,DE,de,Q133876041,no dewiki sitelink
T05,Enola Holmes 3,BR,pt,Q133876041,no ptwiki sitelink
T06,Facing El Chapo,DE,de,,title unmatched: no Wikidata item with this exact English label
T06,Facing El Chapo,FR,fr,,title unmatched: no Wikidata item with this exact English label
T06,Facing El Chapo,JP,ja,,title unmatched: no Wikidata item with this exact English label
T06,Facing El Chapo,BR,pt,,title unmatched: no Wikidata item with this exact English label
T06,Facing El Chapo,IT,it,,title unmatched: no Wikidata item with this exact English label
T06,Facing El Chapo,KR,ko,,title unmatched: no Wikidata item with this exact English label
T07,Grand Theft Auto VI: An Extended Look,DE,de,Q141163179,no dewiki sitelink
T07,Grand Theft Auto VI: An Extended Look,FR,fr,Q141163179,no frwiki sitelink
T07,Grand Theft Auto VI: An Extended Look,JP,ja,Q141163179,no jawiki sitelink
T07,Grand Theft Auto VI: An Extended Look,BR,pt,Q141163179,no ptwiki sitelink
T07,Grand Theft Auto VI: An Extended Look,IT,it,Q141163179,no itwiki sitelink
T07,Grand Theft Auto VI: An Extended Look,KR,ko,Q141163179,no kowiki sitelink
T08,Anacondas: Trail of Blood,KR,ko,Q716759,no kowiki sitelink
T09,I Will Find You,JP,ja,Q134412018,no jawiki sitelink
T09,I Will Find You,BR,pt,Q134412018,no ptwiki sitelink
T09,I Will Find You,IT,it,Q134412018,no itwiki sitelink
T09,I Will Find You,KR,ko,Q134412018,no kowiki sitelink
T10,72 HOURS,DE,de,Q136339220,no dewiki sitelink
T10,72 HOURS,JP,ja,Q136339220,no jawiki sitelink
T10,72 HOURS,BR,pt,Q136339220,no ptwiki sitelink
T11,The Secret Woman,DE,de,Q140419850,no dewiki sitelink
T11,The Secret Woman,JP,ja,Q140419850,no jawiki sitelink
T11,The Secret Woman,BR,pt,Q140419850,no ptwiki sitelink
T11,The Secret Woman,IT,it,Q140419850,no itwiki sitelink
T11,The Secret Woman,KR,ko,Q140419850,no kowiki sitelink
T12,Elite Force,DE,de,Q133868511,no dewiki sitelink
T12,Elite Force,JP,ja,Q133868511,no jawiki sitelink
T12,Elite Force,BR,pt,Q133868511,no ptwiki sitelink
T12,Elite Force,IT,it,Q133868511,no itwiki sitelink
T12,Elite Force,KR,ko,Q133868511,no kowiki sitelink
T13,Desire,DE,de,,"title unmatched: 7 candidates; closest (Q60873103) is 9 years from the window, likely an older namesake"
T13,Desire,FR,fr,,"title unmatched: 7 candidates; closest (Q60873103) is 9 years from the window, likely an older namesake"
T13,Desire,JP,ja,,"title unmatched: 7 candidates; closest (Q60873103) is 9 years from the window, likely an older namesake"
T13,Desire,BR,pt,,"title unmatched: 7 candidates; closest (Q60873103) is 9 years from the window, likely an older namesake"
T13,Desire,IT,it,,"title unmatched: 7 candidates; closest (Q60873103) is 9 years from the window, likely an older namesake"
T13,Desire,KR,ko,,"title unmatched: 7 candidates; closest (Q60873103) is 9 years from the window, likely an older namesake"
T14,Our Sticky Love,JP,ja,Q137835829,no jawiki sitelink
T14,Our Sticky Love,BR,pt,Q137835829,no ptwiki sitelink
T15,The Debt Collector,DE,de,,"title unmatched: 3 candidates; undated item(s) Q140724430 could be the right one, tie not safely breakable"
T15,The Debt Collector,FR,fr,,"title unmatched: 3 candidates; undated item(s) Q140724430 could be the right one, tie not safely breakable"
T15,The Debt Collector,JP,ja,,"title unmatched: 3 candidates; undated item(s) Q140724430 could be the right one, tie not safely breakable"
T15,The Debt Collector,BR,pt,,"title unmatched: 3 candidates; undated item(s) Q140724430 could be the right one, tie not safely breakable"
T15,The Debt Collector,IT,it,,"title unmatched: 3 candidates; undated item(s) Q140724430 could be the right one, tie not safely breakable"
T15,The Debt Collector,KR,ko,,"title unmatched: 3 candidates; undated item(s) Q140724430 could be the right one, tie not safely breakable"
T16,Death on the Nile,DE,de,,"title unmatched: 3 candidates; closest (Q56816969) is 4 years from the window, likely an older namesake"
T16,Death on the Nile,FR,fr,,"title unmatched: 3 candidates; closest (Q56816969) is 4 years from the window, likely an older namesake"
T16,Death on the Nile,JP,ja,,"title unmatched: 3 candidates; closest (Q56816969) is 4 years from the window, likely an older namesake"
T16,Death on the Nile,BR,pt,,"title unmatched: 3 candidates; closest (Q56816969) is 4 years from the window, likely an older namesake"
T16,Death on the Nile,IT,it,,"title unmatched: 3 candidates; closest (Q56816969) is 4 years from the window, likely an older namesake"
T16,Death on the Nile,KR,ko,,"title unmatched: 3 candidates; closest (Q56816969) is 4 years from the window, likely an older namesake"
T17,My Life With the Walter Boys,JP,ja,Q113570499,no jawiki sitelink
T17,My Life With the Walter Boys,KR,ko,Q113570499,no kowiki sitelink
T18,Salish & Jordan Matter,DE,de,,title unmatched: no Wikidata item with this exact English label
T18,Salish & Jordan Matter,FR,fr,,title unmatched: no Wikidata item with this exact English label
T18,Salish & Jordan Matter,JP,ja,,title unmatched: no Wikidata item with this exact English label
T18,Salish & Jordan Matter,BR,pt,,title unmatched: no Wikidata item with this exact English label
T18,Salish & Jordan Matter,IT,it,,title unmatched: no Wikidata item with this exact English label
T18,Salish & Jordan Matter,KR,ko,,title unmatched: no Wikidata item with this exact English label
T19,Blood Sacrifice,DE,de,Q136404689,no dewiki sitelink
T19,Blood Sacrifice,FR,fr,Q136404689,no frwiki sitelink
T19,Blood Sacrifice,JP,ja,Q136404689,no jawiki sitelink
T19,Blood Sacrifice,BR,pt,Q136404689,no ptwiki sitelink
T19,Blood Sacrifice,IT,it,Q136404689,no itwiki sitelink
T19,Blood Sacrifice,KR,ko,Q136404689,no kowiki sitelink
