market,category,pooled_rho,ci_low,ci_high,title_weeks,confidence
Germany,Films,0.5914,0.3034,0.8197,61,OK
France,Films,0.4054,0.1997,0.6366,67,OK
Japan,Films,0.5964,0.1786,1.0,24,Low
Brazil,Films,0.1932,-0.1601,0.5054,54,OK
Italy,Films,0.2954,0.1441,0.4406,62,OK
South Korea,Films,0.4509,0.2285,0.6888,50,OK
Germany,TV,0.0412,-0.3686,0.419,37,OK
France,TV,0.7044,0.5282,0.8506,61,OK
Japan,TV,0.2005,-0.0278,0.425,56,OK
Brazil,TV,-0.1875,-0.7857,0.375,18,Low
Italy,TV,0.4607,0.061,0.8192,31,OK
South Korea,TV,0.5509,0.3502,0.744,61,OK
