market,category,title,direction,weeks_evaluated,weeks_flagged,share_flagged,mean_gap
South Korea,Films,Wild Sing,Netflix ahead,4,4,1.0,0.5625
South Korea,Films,Spider-Man: Far from Home,Attention ahead,4,4,1.0,0.5
Japan,TV,Badly in Love,Netflix ahead,7,6,0.8571,0.5881
South Korea,TV,I am Solo,Netflix ahead,5,4,0.8,0.6762
Brazil,Films,The Last House,Netflix ahead,4,3,0.75,0.8333
Japan,TV,Vivant,Attention ahead,11,8,0.7273,0.5758
Brazil,Films,13 Minutes,Netflix ahead,3,2,0.6667,0.6944
South Korea,Films,People and Meat,Netflix ahead,3,2,0.6667,0.5
Italy,Films,The Last House,Attention ahead,3,2,0.6667,0.3667
France,TV,My Life With the Walter Boys,Netflix ahead,5,3,0.6,0.44
Italy,Films,Buen Camino,Attention ahead,4,2,0.5,0.425
Japan,TV,Human Vapor,Netflix ahead,6,3,0.5,0.4222
South Korea,TV,The East Palace,Netflix ahead,5,2,0.4,0.2667
Italy,Films,72 HOURS,Netflix ahead,3,1,0.3333,0.4389
Japan,TV,25 Years of You,Attention ahead,3,1,0.3333,0.4333
France,TV,Rhythm + Flow France,Netflix ahead,3,1,0.3333,0.3778
Germany,Films,"My Best Friend, His Girlfriend and Me",Netflix ahead,3,1,0.3333,0.25
France,Films,The Whisper Man,Attention ahead,3,1,0.3333,0.246
France,Films,Enola Holmes 3,Attention ahead,3,1,0.3333,0.2222
Italy,TV,The Gentlemen,Attention ahead,3,1,0.3333,0.1667
Brazil,Films,Despicable Me 4,Attention ahead,4,1,0.25,0.3833
South Korea,TV,Our Sticky Love,Attention ahead,4,1,0.25,0.2792
France,TV,Agent Kim Reactivated,Netflix ahead,4,1,0.25,0.1875
South Korea,Films,Husbands in Action,Netflix ahead,6,1,0.1667,0.2083
South Korea,TV,The Apartment Job,Attention ahead,7,1,0.1429,0.2371
South Korea,TV,Spooky in Love,Attention ahead,7,1,0.1429,0.1276
Brazil,Films,Shrek,Attention ahead,4,0,0.0,0.3292
Brazil,Films,Swapped,Attention ahead,4,0,0.0,0.2583
South Korea,TV,Notes from the Last Row,Attention ahead,3,0,0.0,0.2444
South Korea,TV,Agent Kim Reactivated,Attention ahead,7,0,0.0,0.2136
France,TV,My Brilliant Career,Netflix ahead,3,0,0.0,0.2
Italy,Films,The Whisper Man,Attention ahead,3,0,0.0,0.2
France,TV,The Gentlemen,Attention ahead,3,0,0.0,0.1944
Germany,Films,Voicemails for Isabelle,Netflix ahead,3,0,0.0,0.1889
France,Films,The Last House,Attention ahead,4,0,0.0,0.1625
France,TV,Outer Banks,Attention ahead,4,0,0.0,0.15
France,TV,Elite Force,Attention ahead,6,0,0.0,0.1333
Italy,Films,Voicemails for Isabelle,Attention ahead,3,0,0.0,0.1333
Japan,TV,GATE24:The Border,Attention ahead,9,0,0.0,0.1222
South Korea,TV,Teach You a Lesson,Netflix ahead,6,0,0.0,0.0889
France,TV,Avatar: The Last Airbender,Attention ahead,3,0,0.0,0.0833
Germany,Films,Dune: Part Two,Attention ahead,3,0,0.0,0.0833
France,TV,Little House on the Prairie,Attention ahead,3,0,0.0,0.0833
South Korea,Films,Lobby,Attention ahead,3,0,0.0,0.0833
France,TV,Teach You a Lesson,Attention ahead,3,0,0.0,0.0833
South Korea,TV,Human Vapor,Netflix ahead,3,0,0.0,0.0667
Brazil,Films,The Whisper Man,Attention ahead,3,0,0.0,0.0667
Japan,TV,Until the T-shirt Dries,Netflix ahead,10,0,0.0,0.0667
Germany,Films,The Last House,Attention ahead,4,0,0.0,0.0625
France,TV,I Will Find You,Attention ahead,8,0,0.0,0.05
Germany,Films,The Whisper Man,Attention ahead,4,0,0.0,0.05
France,Films,72 HOURS,Netflix ahead,3,0,0.0,0.0417
Brazil,Films,Elize: Shadows of a Woman,Netflix ahead,4,0,0.0,0.0
France,TV,Ransom Canyon,Netflix ahead,3,0,0.0,0.0
Germany,Films,Regretting You,Netflix ahead,4,0,0.0,0.0
South Korea,Films,Spider-Man: Homecoming,Netflix ahead,4,0,0.0,0.0
