variant,market,category,pooled_rho,n_title_weeks,n_weeks,n_titles,weeks_with_rho,weekly_rho_min,weekly_rho_q1,weekly_rho_median,weekly_rho_q3,weekly_rho_max
excl_contested_kept,BR,TV,0.16666666666666669,7,3,6,0,,,,,
all,BR,TV,-0.1875,18,7,7,1,0.5999999999999999,0.5999999999999999,0.5999999999999999,0.5999999999999999,0.5999999999999999
excl_contested_kept,BR,Films,0.16039729501267966,50,11,25,9,-0.8,0.08571428571428569,0.4,0.8,0.9
all,BR,Films,0.1932492883285889,54,11,27,11,-1.0,-0.19999999999999996,0.3714285714285714,0.8,0.9
all,DE,TV,0.04120267260579066,37,12,13,3,8.881784197001253e-17,8.881784197001253e-17,0.09999999999999991,0.8,0.8
excl_contested_kept,DE,TV,-0.16067415730337087,33,12,12,2,0.09999999999999991,0.09999999999999991,0.09999999999999991,0.8,0.8
excl_contested_kept,DE,Films,0.6219198790627358,56,12,28,10,0.4,0.4857142857142857,0.6571428571428573,0.942857142857143,1.0
all,DE,Films,0.5913904899135446,61,12,31,10,0.14285714285714285,0.4000000000000001,0.6571428571428573,0.942857142857143,1.0
all,FR,Films,0.4054051154630112,67,12,44,10,-0.08571428571428572,0.14285714285714296,0.1999999999999999,0.7000000000000001,0.9285714285714285
excl_contested_kept,FR,Films,0.376871450696954,60,12,38,9,0.09523809523809523,0.1428571428571429,0.23809523809523814,0.7000000000000001,0.9285714285714285
excl_contested_kept,FR,TV,0.7007188800605373,57,12,19,10,-0.028571428571428508,0.6000000000000001,0.7,0.8,1.0
all,FR,TV,0.7043510054844607,61,12,21,12,-0.028571428571428508,0.6000000000000001,0.7714285714285715,0.9000000000000001,1.0
all,IT,Films,0.2954001495886312,62,11,35,10,-0.2571428571428572,0.14285714285714285,0.3000000000000001,0.4,0.7714285714285715
excl_contested_kept,IT,Films,0.3157790143084259,56,11,30,10,-0.8,0.21428571428571427,0.3714285714285715,0.48571428571428577,0.8
all,IT,TV,0.4607329842931938,31,10,14,3,0.29999999999999993,0.29999999999999993,0.5,0.8,0.8
excl_contested_kept,IT,TV,0.5096774193548386,26,8,13,3,0.29999999999999993,0.29999999999999993,0.5,0.8,0.8
excl_contested_kept,JP,Films,0.5472972972972974,22,8,14,2,-0.4000000000000001,-0.4000000000000001,-0.4000000000000001,0.4,0.4
all,JP,Films,0.5963855421686745,24,9,15,2,-0.4000000000000001,-0.4000000000000001,-0.4000000000000001,0.4,0.4
all,JP,TV,0.20049827520122654,56,12,11,11,-0.5,-0.31428571428571433,0.25714285714285723,0.6,0.8000000000000003
excl_contested_kept,JP,TV,0.20049827520122654,56,12,11,11,-0.5,-0.31428571428571433,0.25714285714285723,0.6,0.8000000000000003
excl_contested_kept,KR,Films,0.40820734341252696,48,11,23,8,-0.2,-0.10000000000000003,0.10000000000000003,0.6,0.7000000000000001
all,KR,Films,0.45090180360721444,50,12,24,8,-0.2,-0.10000000000000003,0.10000000000000003,0.6,0.7000000000000001
all,KR,TV,0.5509137365178893,61,12,15,10,-0.09999999999999998,0.2,0.5,0.8285714285714284,1.0
excl_contested_kept,KR,TV,0.5509137365178893,61,12,15,10,-0.09999999999999998,0.2,0.5,0.8285714285714284,1.0
