variant,market,category,week_end,n,meets_min_n,spearman_rho
excl_contested_kept,BR,TV,2026-09-20,2,False,
excl_contested_kept,BR,TV,2026-08-02,1,False,
excl_contested_kept,BR,Films,2026-08-23,3,False,
excl_contested_kept,BR,TV,2026-09-06,1,False,
all,BR,Films,2026-07-05,1,False,
all,BR,TV,2026-07-19,1,False,
all,BR,TV,2026-08-02,2,False,
all,BR,TV,2026-07-26,1,False,
all,BR,TV,2026-08-30,2,False,
excl_contested_kept,BR,Films,2026-07-05,1,False,
excl_contested_kept,BR,Films,2026-08-30,3,False,
all,BR,TV,2026-09-06,2,False,
excl_contested_kept,BR,TV,2026-08-30,1,False,
all,BR,TV,2026-08-16,2,False,
all,BR,TV,2026-09-20,3,False,
excl_contested_kept,BR,TV,2026-08-23,3,False,
excl_contested_kept,BR,TV,2026-08-16,1,False,
all,BR,TV,2026-08-09,3,False,
excl_contested_kept,BR,TV,2026-08-09,2,False,
all,BR,TV,2026-09-13,1,False,
all,BR,Films,2026-08-30,4,True,-1.0
excl_contested_kept,BR,Films,2026-08-16,4,True,-0.8
all,BR,Films,2026-08-16,4,True,-0.8
all,BR,Films,2026-07-19,5,True,-0.19999999999999996
excl_contested_kept,BR,Films,2026-07-19,5,True,-0.19999999999999996
excl_contested_kept,BR,Films,2026-08-09,6,True,0.08571428571428569
all,BR,Films,2026-08-09,6,True,0.08571428571428569
all,BR,Films,2026-09-06,7,True,0.17857142857142852
excl_contested_kept,BR,Films,2026-09-20,6,True,0.3714285714285714
all,BR,Films,2026-09-20,6,True,0.3714285714285714
all,BR,Films,2026-08-23,4,True,0.3999999999999999
excl_contested_kept,BR,Films,2026-09-13,4,True,0.4
all,BR,Films,2026-09-13,5,True,0.5
excl_contested_kept,BR,Films,2026-09-06,6,True,0.5428571428571428
all,BR,TV,2026-08-23,4,True,0.5999999999999999
excl_contested_kept,BR,Films,2026-08-02,4,True,0.8
all,BR,Films,2026-07-12,4,True,0.8
excl_contested_kept,BR,Films,2026-07-12,4,True,0.8
all,BR,Films,2026-08-02,4,True,0.8
excl_contested_kept,BR,Films,2026-07-26,5,True,0.9
all,BR,Films,2026-07-26,5,True,0.9
all,DE,TV,2026-09-20,3,False,
excl_contested_kept,DE,TV,2026-07-26,2,False,
excl_contested_kept,DE,Films,2026-07-19,2,False,
excl_contested_kept,DE,TV,2026-09-20,3,False,
all,DE,TV,2026-09-13,3,False,
excl_contested_kept,DE,TV,2026-08-30,3,False,
excl_contested_kept,DE,TV,2026-07-12,3,False,
excl_contested_kept,DE,TV,2026-08-09,2,False,
excl_contested_kept,DE,Films,2026-07-26,3,False,
all,DE,TV,2026-08-09,2,False,
all,DE,TV,2026-08-16,2,False,
all,DE,TV,2026-08-30,3,False,
all,DE,TV,2026-07-05,3,False,
all,DE,Films,2026-07-26,3,False,
excl_contested_kept,DE,TV,2026-07-05,2,False,
all,DE,TV,2026-07-26,3,False,
excl_contested_kept,DE,TV,2026-08-02,2,False,
excl_contested_kept,DE,TV,2026-09-13,3,False,
excl_contested_kept,DE,TV,2026-07-19,2,False,
all,DE,TV,2026-08-02,2,False,
excl_contested_kept,DE,TV,2026-08-16,2,False,
all,DE,TV,2026-07-19,3,False,
all,DE,Films,2026-07-19,2,False,
all,DE,TV,2026-07-12,4,True,8.881784197001253e-17
excl_contested_kept,DE,TV,2026-08-23,5,True,0.09999999999999991
all,DE,TV,2026-08-23,5,True,0.09999999999999991
all,DE,Films,2026-07-12,6,True,0.14285714285714285
all,DE,Films,2026-07-05,7,True,0.3928571428571429
excl_contested_kept,DE,Films,2026-08-16,4,True,0.4
all,DE,Films,2026-08-16,5,True,0.4000000000000001
excl_contested_kept,DE,Films,2026-08-23,4,True,0.4000000000000001
excl_contested_kept,DE,Films,2026-07-05,6,True,0.4857142857142857
excl_contested_kept,DE,Films,2026-07-12,5,True,0.6
all,DE,Films,2026-08-23,5,True,0.6000000000000001
excl_contested_kept,DE,Films,2026-08-09,6,True,0.6571428571428573
all,DE,Films,2026-08-09,6,True,0.6571428571428573
all,DE,TV,2026-09-06,4,True,0.8
excl_contested_kept,DE,TV,2026-09-06,4,True,0.8
excl_contested_kept,DE,Films,2026-09-13,4,True,0.8000000000000002
excl_contested_kept,DE,Films,2026-09-06,7,True,0.8571428571428572
all,DE,Films,2026-09-06,7,True,0.8571428571428572
all,DE,Films,2026-09-13,5,True,0.9
excl_contested_kept,DE,Films,2026-09-20,6,True,0.942857142857143
all,DE,Films,2026-09-20,6,True,0.942857142857143
excl_contested_kept,DE,Films,2026-08-02,4,True,1.0
all,DE,Films,2026-08-30,5,True,1.0
all,DE,Films,2026-08-02,4,True,1.0
excl_contested_kept,DE,Films,2026-08-30,5,True,1.0
all,FR,Films,2026-07-26,2,False,
excl_contested_kept,FR,Films,2026-09-06,3,False,
excl_contested_kept,FR,TV,2026-07-05,3,False,
excl_contested_kept,FR,Films,2026-07-26,2,False,
all,FR,Films,2026-09-06,3,False,
excl_contested_kept,FR,Films,2026-07-19,3,False,
excl_contested_kept,FR,TV,2026-07-12,3,False,
all,FR,Films,2026-08-30,6,True,-0.08571428571428572
all,FR,Films,2026-08-09,9,True,-0.03333333333333335
all,FR,TV,2026-08-30,6,True,-0.028571428571428508
excl_contested_kept,FR,TV,2026-08-30,6,True,-0.028571428571428508
excl_contested_kept,FR,Films,2026-08-09,8,True,0.09523809523809523
excl_contested_kept,FR,Films,2026-08-30,5,True,0.10000000000000009
excl_contested_kept,FR,Films,2026-09-20,7,True,0.1428571428571429
all,FR,Films,2026-07-05,6,True,0.14285714285714296
all,FR,Films,2026-09-20,8,True,0.19047619047619052
all,FR,Films,2026-07-19,4,True,0.1999999999999999
all,FR,Films,2026-07-12,4,True,0.2000000000000001
excl_contested_kept,FR,Films,2026-07-12,4,True,0.2000000000000001
all,FR,Films,2026-08-16,8,True,0.23809523809523814
excl_contested_kept,FR,Films,2026-08-16,8,True,0.23809523809523814
excl_contested_kept,FR,Films,2026-07-05,4,True,0.39999999999999997
excl_contested_kept,FR,TV,2026-08-16,6,True,0.4857142857142857
all,FR,TV,2026-08-16,6,True,0.4857142857142857
all,FR,TV,2026-08-23,6,True,0.6000000000000001
excl_contested_kept,FR,TV,2026-08-23,6,True,0.6000000000000001
excl_contested_kept,FR,TV,2026-08-09,6,True,0.657142857142857
all,FR,TV,2026-08-09,6,True,0.657142857142857
all,FR,TV,2026-07-19,5,True,0.7
excl_contested_kept,FR,TV,2026-09-13,5,True,0.7
excl_contested_kept,FR,Films,2026-08-02,5,True,0.7000000000000001
all,FR,Films,2026-08-02,5,True,0.7000000000000001
all,FR,TV,2026-09-13,6,True,0.7714285714285715
excl_contested_kept,FR,TV,2026-07-19,4,True,0.8
excl_contested_kept,FR,Films,2026-08-23,4,True,0.8
excl_contested_kept,FR,TV,2026-09-20,5,True,0.8
excl_contested_kept,FR,TV,2026-09-06,4,True,0.8
all,FR,TV,2026-09-06,4,True,0.8
all,FR,TV,2026-09-20,5,True,0.8
all,FR,Films,2026-08-23,5,True,0.9
all,FR,TV,2026-07-26,5,True,0.9000000000000001
excl_contested_kept,FR,TV,2026-07-26,5,True,0.9000000000000001
excl_contested_kept,FR,Films,2026-09-13,7,True,0.9285714285714285
all,FR,Films,2026-09-13,7,True,0.9285714285714285
excl_contested_kept,FR,TV,2026-08-02,4,True,1.0
all,FR,TV,2026-07-12,4,True,1.0
all,FR,TV,2026-07-05,4,True,1.0
all,FR,TV,2026-08-02,4,True,1.0
all,IT,TV,2026-07-05,3,False,
all,IT,TV,2026-08-02,1,False,
all,IT,TV,2026-07-26,2,False,
excl_contested_kept,IT,TV,2026-08-09,2,False,
all,IT,TV,2026-07-12,2,False,
all,IT,TV,2026-07-19,2,False,
excl_contested_kept,IT,Films,2026-08-23,3,False,
excl_contested_kept,IT,TV,2026-08-30,3,False,
excl_contested_kept,IT,TV,2026-07-26,2,False,
all,IT,TV,2026-08-23,3,False,
all,IT,Films,2026-07-26,1,False,
all,IT,TV,2026-08-30,3,False,
excl_contested_kept,IT,Films,2026-07-26,1,False,
excl_contested_kept,IT,TV,2026-08-16,1,False,
all,IT,Films,2026-08-23,3,False,
excl_contested_kept,IT,TV,2026-07-12,1,False,
excl_contested_kept,IT,TV,2026-07-19,1,False,
excl_contested_kept,IT,TV,2026-08-23,3,False,
excl_contested_kept,IT,TV,2026-08-02,1,False,
excl_contested_kept,IT,TV,2026-07-05,2,False,
all,IT,TV,2026-08-09,2,False,
all,IT,TV,2026-08-16,1,False,
excl_contested_kept,IT,Films,2026-07-19,4,True,-0.8
all,IT,Films,2026-07-19,6,True,-0.2571428571428572
all,IT,Films,2026-07-05,6,True,0.0857142857142857
all,IT,Films,2026-09-06,6,True,0.14285714285714285
excl_contested_kept,IT,Films,2026-09-06,6,True,0.14285714285714285
excl_contested_kept,IT,Films,2026-08-09,7,True,0.21428571428571427
all,IT,Films,2026-08-09,7,True,0.21428571428571427
all,IT,TV,2026-09-20,5,True,0.29999999999999993
excl_contested_kept,IT,TV,2026-09-20,5,True,0.29999999999999993
excl_contested_kept,IT,Films,2026-08-30,5,True,0.3000000000000001
all,IT,Films,2026-08-30,5,True,0.3000000000000001
all,IT,Films,2026-08-02,6,True,0.3142857142857142
excl_contested_kept,IT,Films,2026-09-13,6,True,0.3714285714285715
all,IT,Films,2026-09-13,6,True,0.3714285714285715
all,IT,Films,2026-08-16,5,True,0.4
excl_contested_kept,IT,Films,2026-08-16,5,True,0.4
excl_contested_kept,IT,Films,2026-07-05,4,True,0.4000000000000001
all,IT,Films,2026-09-20,6,True,0.48571428571428577
excl_contested_kept,IT,Films,2026-09-20,6,True,0.48571428571428577
excl_contested_kept,IT,TV,2026-09-13,5,True,0.5
all,IT,TV,2026-09-13,5,True,0.5
excl_contested_kept,IT,Films,2026-08-02,5,True,0.6
all,IT,Films,2026-07-12,6,True,0.7714285714285715
all,IT,TV,2026-09-06,4,True,0.8
excl_contested_kept,IT,Films,2026-07-12,5,True,0.8
excl_contested_kept,IT,TV,2026-09-06,4,True,0.8
excl_contested_kept,JP,Films,2026-07-19,3,False,
all,JP,TV,2026-07-19,3,False,
all,JP,Films,2026-08-16,2,False,
all,JP,Films,2026-07-05,1,False,
excl_contested_kept,JP,Films,2026-09-20,1,False,
all,JP,Films,2026-08-23,2,False,
excl_contested_kept,JP,TV,2026-07-19,3,False,
all,JP,Films,2026-09-20,1,False,
excl_contested_kept,JP,Films,2026-08-23,2,False,
excl_contested_kept,JP,Films,2026-07-26,3,False,
all,JP,Films,2026-08-02,2,False,
all,JP,Films,2026-07-19,3,False,
all,JP,Films,2026-08-09,2,False,
all,JP,Films,2026-07-26,3,False,
all,JP,Films,2026-08-30,2,False,
excl_contested_kept,JP,Films,2026-08-09,1,False,
excl_contested_kept,JP,Films,2026-08-30,2,False,
excl_contested_kept,JP,Films,2026-08-16,2,False,
excl_contested_kept,JP,Films,2026-08-02,2,False,
excl_contested_kept,JP,TV,2026-07-12,5,True,-0.5
all,JP,TV,2026-07-12,5,True,-0.5
all,JP,Films,2026-09-13,4,True,-0.4000000000000001
excl_contested_kept,JP,Films,2026-09-13,4,True,-0.4000000000000001
all,JP,TV,2026-07-26,4,True,-0.4
excl_contested_kept,JP,TV,2026-07-26,4,True,-0.4
all,JP,TV,2026-09-20,6,True,-0.31428571428571433
excl_contested_kept,JP,TV,2026-09-20,6,True,-0.31428571428571433
all,JP,TV,2026-09-13,5,True,0.10000000000000014
excl_contested_kept,JP,TV,2026-09-13,5,True,0.10000000000000014
all,JP,TV,2026-09-06,4,True,0.2
excl_contested_kept,JP,TV,2026-09-06,4,True,0.2
all,JP,TV,2026-08-09,6,True,0.25714285714285723
excl_contested_kept,JP,TV,2026-08-09,6,True,0.25714285714285723
excl_contested_kept,JP,TV,2026-08-30,5,True,0.30000000000000004
all,JP,TV,2026-08-30,5,True,0.30000000000000004
all,JP,TV,2026-07-05,4,True,0.4
excl_contested_kept,JP,Films,2026-09-06,4,True,0.4
excl_contested_kept,JP,TV,2026-07-05,4,True,0.4
all,JP,Films,2026-09-06,4,True,0.4
excl_contested_kept,JP,TV,2026-08-16,5,True,0.6
all,JP,TV,2026-08-16,5,True,0.6
all,JP,TV,2026-08-23,5,True,0.6000000000000001
excl_contested_kept,JP,TV,2026-08-23,5,True,0.6000000000000001
excl_contested_kept,JP,TV,2026-08-02,4,True,0.8000000000000003
all,JP,TV,2026-08-02,4,True,0.8000000000000003
all,KR,Films,2026-09-13,3,False,
excl_contested_kept,KR,TV,2026-09-06,3,False,
all,KR,TV,2026-09-06,3,False,
all,KR,TV,2026-09-13,2,False,
excl_contested_kept,KR,Films,2026-09-13,3,False,
excl_contested_kept,KR,Films,2026-07-05,1,False,
all,KR,Films,2026-08-30,3,False,
excl_contested_kept,KR,Films,2026-08-30,3,False,
all,KR,Films,2026-09-06,3,False,
excl_contested_kept,KR,TV,2026-09-13,2,False,
excl_contested_kept,KR,Films,2026-09-06,3,False,
all,KR,Films,2026-07-05,2,False,
excl_contested_kept,KR,Films,2026-07-12,5,True,-0.2
all,KR,Films,2026-07-12,5,True,-0.2
all,KR,Films,2026-07-26,5,True,-0.10000000000000003
excl_contested_kept,KR,Films,2026-07-26,5,True,-0.10000000000000003
excl_contested_kept,KR,TV,2026-08-23,5,True,-0.09999999999999998
all,KR,TV,2026-08-23,5,True,-0.09999999999999998
excl_contested_kept,KR,Films,2026-09-20,4,True,8.881784197001253e-17
all,KR,Films,2026-09-20,4,True,8.881784197001253e-17
all,KR,TV,2026-08-09,6,True,0.028571428571428546
excl_contested_kept,KR,TV,2026-08-09,6,True,0.028571428571428546
excl_contested_kept,KR,Films,2026-08-23,5,True,0.10000000000000003
all,KR,Films,2026-08-23,5,True,0.10000000000000003
all,KR,TV,2026-08-30,4,True,0.2
excl_contested_kept,KR,TV,2026-08-30,4,True,0.2
all,KR,TV,2026-08-16,8,True,0.3571428571428571
excl_contested_kept,KR,TV,2026-08-16,8,True,0.3571428571428571
all,KR,Films,2026-08-09,5,True,0.5
excl_contested_kept,KR,Films,2026-08-09,5,True,0.5
excl_contested_kept,KR,TV,2026-08-02,5,True,0.5
all,KR,TV,2026-08-02,5,True,0.5
excl_contested_kept,KR,Films,2026-08-16,5,True,0.6
all,KR,Films,2026-08-02,5,True,0.6
excl_contested_kept,KR,Films,2026-08-02,5,True,0.6
all,KR,Films,2026-08-16,5,True,0.6
excl_contested_kept,KR,TV,2026-07-26,5,True,0.7
all,KR,TV,2026-07-26,5,True,0.7
excl_contested_kept,KR,Films,2026-07-19,5,True,0.7000000000000001
all,KR,Films,2026-07-19,5,True,0.7000000000000001
excl_contested_kept,KR,TV,2026-07-19,7,True,0.7500000000000002
all,KR,TV,2026-07-19,7,True,0.7500000000000002
all,KR,TV,2026-07-12,6,True,0.8285714285714284
excl_contested_kept,KR,TV,2026-07-12,6,True,0.8285714285714284
excl_contested_kept,KR,TV,2026-07-05,6,True,0.9428571428571427
all,KR,TV,2026-07-05,6,True,0.9428571428571427
excl_contested_kept,KR,TV,2026-09-20,4,True,1.0
all,KR,TV,2026-09-20,4,True,1.0
