title_id,show_title,category,market,lang,article,match_status,first_week_start,first_view_date,article_before_range,days_chart_to_first_view
T024,Avatar: The Last Airbender,TV,BR,pt,Avatar: The Last Airbender (série de televisão),contested_kept,2026-06-29,,,
T050,Monster: The Lizzie Borden Story,TV,BR,pt,Monster: The Lizzie Borden Story,ok,2026-09-14,2026-06-01,True,-105
T053,Gabby's Dollhouse,TV,BR,pt,A Casa Mágica da Gabby,ok,2026-09-14,2026-06-01,True,-105
T250,A Minecraft Movie,Films,BR,pt,Um Filme Minecraft,ok,2026-09-14,2026-06-01,True,-105
T362,Barbie in The Nutcracker,Films,BR,pt,Barbie and the Nutcracker,ok,2026-09-14,2026-06-01,True,-105
T214,Bee Movie,Films,BR,pt,Bee Movie,ok,2026-09-07,2026-06-01,True,-98
T210,Shrek 2,Films,BR,pt,Shrek 2,ok,2026-08-31,2026-06-01,True,-91
T008,Anacondas: Trail of Blood,Films,BR,pt,Anacondas: Trail of Blood,ok,2026-08-31,2026-06-01,True,-91
T354,Shrek Forever After,Films,BR,pt,Shrek para Sempre,ok,2026-08-31,2026-06-01,True,-91
T066,The Hard Corps,Films,BR,pt,The Hard Corps,ok,2026-08-31,2026-06-02,False,-90
T139,Shrek,Films,BR,pt,Shrek,ok,2026-08-24,2026-06-01,True,-84
T284,Mickey 17,Films,BR,pt,Mickey 17,ok,2026-08-24,2026-06-01,True,-84
T337,Collateral Damage,Films,BR,pt,Collateral Damage,contested_kept,2026-08-17,2026-06-01,True,-77
T153,13 Minutes,Films,BR,pt,Elser – Er hätte die Welt verändert,contested_kept,2026-08-24,2026-06-08,False,-77
T045,Seal Team,TV,BR,pt,SEAL Team,ok,2026-08-17,2026-06-01,True,-77
T296,A Cinderella Story,Films,BR,pt,A Cinderella Story,ok,2026-08-17,2026-06-01,True,-77
T313,Here the Whole Time,Films,BR,pt,Quinze Dias,ok,2026-08-17,2026-06-01,True,-77
T020,Outer Banks,TV,BR,pt,Outer Banks (série de televisão),ok,2026-08-17,2026-06-01,True,-77
T071,What a Girl Wants,Films,BR,pt,What a Girl Wants (filme),ok,2026-08-10,2026-06-01,True,-70
T036,Spider-Man: Far from Home,Films,BR,pt,Homem-Aranha: Longe de Casa,ok,2026-08-03,2026-06-01,True,-63
T017,My Life With the Walter Boys,TV,BR,pt,My Life with the Walter Boys,ok,2026-08-03,2026-06-01,True,-63
T207,Elize Matsunaga: Once Upon a Crime,TV,BR,pt,Elize Matsunaga: Era Uma Vez um Crime,ok,2026-07-27,2026-06-01,True,-56
T190,Take Shelter,Films,BR,pt,Take Shelter,ok,2026-07-27,2026-06-03,False,-54
T302,Monsters vs. Aliens,Films,BR,pt,Monsters vs. Aliens,ok,2026-07-20,2026-06-01,True,-49
T100,Companion,Films,BR,pt,Companion,ok,2026-07-20,2026-06-01,True,-49
T079,Despicable Me 4,Films,BR,pt,Despicable Me 4,ok,2026-07-13,2026-06-01,True,-42
T116,The Mentalist,TV,BR,pt,O Mentalista,contested_kept,2026-07-13,2026-06-01,True,-42
T090,Meg 2: The Trench,Films,BR,pt,Meg 2: The Trench,ok,2026-07-06,2026-06-01,True,-35
T093,The Wild Robot,Films,BR,pt,The Wild Robot,ok,2026-07-06,2026-06-01,True,-35
T216,Killer Elite,Films,BR,pt,Killer Elite,ok,2026-07-06,2026-06-01,True,-35
T241,Rust Creek,Films,BR,pt,Rust Creek,ok,2026-07-06,2026-06-02,False,-34
T129,Swapped,Films,BR,pt,Swapped,ok,2026-06-29,2026-06-01,True,-28
T002,The Last House,Films,BR,pt,A Última Casa (2026),ok,2026-08-03,2026-07-13,False,-21
T004,Elize: Shadows of a Woman,Films,BR,pt,Elize: Sombras de uma Mulher,ok,2026-07-20,2026-07-08,False,-12
T003,The Whisper Man,Films,BR,pt,The Whisper Man,ok,2026-08-24,2026-08-29,False,5
T232,Nocturnal Animals,Films,DE,de,Nocturnal Animals,ok,2026-09-14,2026-06-01,True,-105
T243,Wunderschöner,Films,DE,de,Wunderschöner,ok,2026-09-14,2026-06-01,True,-105
T063,Fauda,TV,DE,de,Fauda (Fernsehserie),ok,2026-09-07,2026-06-01,True,-98
T340,Dune,Films,DE,de,Der Wüstenplanet (Film),contested_kept,2026-09-07,2026-06-01,True,-98
T177,Rheingold,Films,DE,de,Rheingold (2022),ok,2026-09-07,2026-06-01,True,-98
T026,The Gentlemen,TV,DE,de,"The Gentlemen (Fernsehserie, 2024)",ok,2026-08-31,2026-06-01,True,-91
T158,Dune: Part Two,Films,DE,de,Dune: Part Two,ok,2026-08-31,2026-06-01,True,-91
T066,The Hard Corps,Films,DE,de,Hard Corps,ok,2026-08-31,2026-06-01,True,-91
T369,Resident Alien,TV,DE,de,Resident Alien,ok,2026-08-31,2026-06-01,True,-91
T008,Anacondas: Trail of Blood,Films,DE,de,Anacondas – Trail of Blood,ok,2026-08-31,2026-06-01,True,-91
T135,Regretting You,Films,DE,de,All das Ungesagte zwischen uns – Regretting You,ok,2026-08-24,2026-06-01,True,-84
T100,Companion,Films,DE,de,Companion – Die perfekte Begleitung,ok,2026-08-24,2026-06-01,True,-84
T020,Outer Banks,TV,DE,de,Outer Banks (Fernsehserie),ok,2026-08-17,2026-06-01,True,-77
T045,Seal Team,TV,DE,de,SEAL Team,ok,2026-08-17,2026-06-01,True,-77
T185,Black Adam,Films,DE,de,Black Adam (Film),ok,2026-08-10,2026-06-01,True,-70
T095,Breaking In,Films,DE,de,Die Traumtänzer,contested_kept,2026-08-10,2026-06-01,True,-70
T245,Momo,Films,DE,de,Momo (1986),ok,2026-08-03,2026-06-01,True,-63
T312,Evil Dead Rise,Films,DE,de,Evil Dead Rise,ok,2026-08-03,2026-06-01,True,-63
T257,Juror #2,Films,DE,de,Juror No. 2,ok,2026-08-03,2026-06-01,True,-63
T099,War Machine,Films,DE,de,War Machine (2026),ok,2026-07-27,2026-06-01,True,-56
T126,Kaulitz & Kaulitz,TV,DE,de,Kaulitz & Kaulitz,ok,2026-07-20,2026-06-01,True,-49
T081,Sniper: No Nation,Films,DE,de,Sniper: No Nation,ok,2026-07-13,2026-06-01,True,-42
T003,The Whisper Man,Films,DE,de,Der Kinderflüsterer,ok,2026-08-24,2026-07-17,False,-38
T281,F9: The Fast Saga,Films,DE,de,Fast & Furious 9,ok,2026-07-06,2026-06-01,True,-35
T136,The Rookie,TV,DE,de,The Rookie (Fernsehserie),ok,2026-07-06,2026-06-01,True,-35
T248,22 Bahnen,Films,DE,de,22 Bahnen,ok,2026-07-06,2026-06-01,True,-35
T002,The Last House,Films,DE,de,The Last House,ok,2026-08-03,2026-06-30,False,-34
T034,The Truthers,Films,DE,de,Eine verworrene Wahrheit,ok,2026-07-20,2026-06-16,False,-34
T024,Avatar: The Last Airbender,TV,DE,de,Avatar – Der Herr der Elemente (2024),contested_kept,2026-06-29,2026-06-01,True,-28
T172,Infinite,Films,DE,de,Infinite – Lebe unendlich,ok,2026-06-29,2026-06-01,True,-28
T218,TESTO,TV,DE,de,Testo (Fernsehserie),ok,2026-06-29,2026-06-01,True,-28
T065,Sonic the Hedgehog 3,Films,DE,de,Sonic the Hedgehog 3 (Film),ok,2026-06-29,2026-06-01,True,-28
T208,Manitou's Canoe,Films,DE,de,Das Kanu des Manitu,ok,2026-06-29,2026-06-01,True,-28
T339,Dog 51,Films,DE,de,Zone 3,ok,2026-06-29,2026-06-01,True,-28
T269,Bride Hard,Films,DE,de,Bride Hard,ok,2026-06-29,2026-06-01,True,-28
T215,Ghost Ship,Films,DE,de,Ghost Ship,contested_kept,2026-06-29,2026-06-01,True,-28
T021,Voicemails for Isabelle,Films,DE,de,Voicemails for Isabelle,ok,2026-06-29,2026-06-01,True,-28
T083,"My Best Friend, His Girlfriend and Me",Films,DE,de,"Mein bester Freund, seine Freundin & ich",ok,2026-08-10,2026-07-15,False,-26
T162,Murder in a Small Town,TV,DE,de,Murder in a Small Town (Fernsehserie),ok,2026-08-03,2026-07-10,False,-24
T001,Agent Kim Reactivated,TV,DE,de,Agent Kim Reactivated,ok,2026-06-29,2026-06-15,False,-14
T046,Don't Say Good Luck,Films,DE,de,Don’t Say Good Luck,ok,2026-08-10,2026-07-27,False,-14
T037,Crew Girl,TV,DE,de,Crew Girl,ok,2026-09-07,2026-09-12,False,5
T006,Facing El Chapo,Films,DE,de,Die Festnahme (2026),ok,2026-08-17,2026-08-28,False,11
T017,My Life With the Walter Boys,TV,DE,de,Ich und die Walter Boys,ok,2026-08-03,2026-08-17,False,14
T327,The Hawk,TV,DE,de,The Hawk (Fernsehserie),ok,2026-07-20,2026-08-15,False,26
T009,I Will Find You,TV,DE,de,Nur für dein Leben,ok,2026-06-29,2026-09-15,False,78
T113,Best of the Best,Films,FR,fr,"Best of the Best (film, 2026)",ok,2026-09-14,,,
T053,Gabby's Dollhouse,TV,FR,fr,Gabby et la Maison magique,ok,2026-09-14,2026-06-01,True,-105
T091,Anora,Films,FR,fr,Anora (film),contested_kept,2026-09-14,2026-06-01,True,-105
T334,Aline,Films,FR,fr,"Aline (film, 2020)",ok,2026-09-14,2026-06-01,True,-105
T277,The Nun II,Films,FR,fr,La Nonne : La Malédiction de Sainte-Lucie,ok,2026-09-14,2026-06-01,True,-105
T050,Monster: The Lizzie Borden Story,TV,FR,fr,Monstre : L'Histoire de Lizzie Borden,ok,2026-09-14,2026-06-01,True,-105
T188,How to Train Your Dragon,Films,FR,fr,"Dragons (film, 2025)",resolved_by_date,2026-09-07,2026-06-01,True,-98
T317,Lovesick,TV,FR,fr,Lovesick (série télévisée),contested_kept,2026-09-07,2026-06-01,True,-98
T063,Fauda,TV,FR,fr,Fauda,ok,2026-09-07,2026-06-01,True,-98
T059,The Little Things,Films,FR,fr,Une affaire de détails,ok,2026-09-07,2026-06-01,True,-98
T102,Monster-in-Law,Films,FR,fr,Sa mère ou moi !,ok,2026-09-07,2026-06-01,True,-98
T008,Anacondas: Trail of Blood,Films,FR,fr,Anacondas 4 : La Piste du sang,ok,2026-08-31,2026-06-01,True,-91
T026,The Gentlemen,TV,FR,fr,The Gentlemen (série télévisée),ok,2026-08-31,2026-06-01,True,-91
T191,The Equalizer 3,Films,FR,fr,Equalizer 3,ok,2026-08-31,2026-06-01,True,-91
T286,My Summer in Provence,Films,FR,fr,Avis de mistral,ok,2026-08-24,2026-06-01,True,-84
T003,The Whisper Man,Films,FR,fr,The Whisper Man,ok,2026-08-24,2026-06-01,True,-84
T145,Rhythm + Flow France,TV,FR,fr,Nouvelle École (émission de téléréalité),ok,2026-08-24,2026-06-01,True,-84
T298,Colombiana,Films,FR,fr,Colombiana,ok,2026-08-24,2026-06-01,True,-84
T179,Serial Driver,Films,FR,fr,Bonne Conduite,ok,2026-08-17,2026-06-01,True,-77
T283,Love Hurts,Films,FR,fr,Back to Business,resolved_by_date,2026-08-17,2026-06-01,True,-77
T206,The Morning After,Films,FR,fr,Le Lendemain du crime,contested_kept,2026-08-17,2026-06-01,True,-77
T251,Blue Beetle,Films,FR,fr,Blue Beetle (film),ok,2026-08-17,2026-06-01,True,-77
T020,Outer Banks,TV,FR,fr,Outer Banks (série télévisée),ok,2026-08-17,2026-06-01,True,-77
T045,Seal Team,TV,FR,fr,SEAL Team,ok,2026-08-17,2026-06-01,True,-77
T254,Gran Turismo: Based on a True Story,Films,FR,fr,Gran Turismo (film),ok,2026-08-10,2026-06-01,True,-70
T308,The Wolf and the Lion,Films,FR,fr,Le Loup et le Lion (film),ok,2026-08-10,2026-06-01,True,-70
T071,What a Girl Wants,Films,FR,fr,Ce dont rêvent les filles,ok,2026-08-10,2026-06-01,True,-70
T090,Meg 2: The Trench,Films,FR,fr,En eaux très troubles,ok,2026-08-03,2026-06-01,True,-63
T204,Say Cheese,Films,FR,fr,On sourit pour la photo,ok,2026-08-03,2026-06-01,True,-63
T017,My Life With the Walter Boys,TV,FR,fr,Ma vie avec les Walter Boys,ok,2026-08-03,2026-06-01,True,-63
T056,Spider-Man: Homecoming,Films,FR,fr,Spider-Man: Homecoming,ok,2026-08-03,2026-06-01,True,-63
T036,Spider-Man: Far from Home,Films,FR,fr,Spider-Man: Far From Home,ok,2026-08-03,2026-06-01,True,-63
T247,Turbulence,Films,FR,fr,Turbulences à 30 000 pieds,contested_kept,2026-08-03,2026-06-01,True,-63
T270,Drop,Films,FR,fr,Drop Game,resolved_by_date,2026-07-27,2026-06-01,True,-56
T099,War Machine,Films,FR,fr,"War Machine (film, 2026)",ok,2026-07-27,2026-06-01,True,-56
T176,Paulette,Films,FR,fr,Paulette (film),ok,2026-07-27,2026-06-01,True,-56
T267,Barbie,Films,FR,fr,Barbie (film),ok,2026-07-20,2026-06-01,True,-49
T030,Ransom Canyon,TV,FR,fr,Nouvelle vie à Ransom Canyon,ok,2026-07-20,2026-06-01,True,-49
T166,Call My Agent! The Movie,Films,FR,fr,"Dix pour cent, le film",ok,2026-09-07,2026-07-23,False,-46
T181,The Retirement Plan,Films,FR,fr,Une retraite d'enfer,ok,2026-07-13,2026-06-01,True,-42
T295,What’s With This Granny!?,Films,FR,fr,C'est quoi cette mamie ?!,ok,2026-07-13,2026-06-01,True,-42
T111,The Town,Films,FR,fr,The Town,contested_kept,2026-07-13,2026-06-01,True,-42
T293,The Woman in the Yard,Films,FR,fr,The Woman in the Yard,ok,2026-07-06,2026-06-01,True,-35
T351,Presidents,Films,FR,fr,Présidents,ok,2026-07-06,2026-06-01,True,-35
T023,Little House on the Prairie,TV,FR,fr,"La Petite Maison dans la prairie (série télévisée, 2026)",ok,2026-07-06,2026-06-01,True,-35
T109,Night at the Museum,Films,FR,fr,La Nuit au musée,ok,2026-06-29,2026-06-01,True,-28
T104,Angel Eyes,Films,FR,fr,"Angel Eyes (film, 2001)",contested_kept,2026-06-29,2026-06-01,True,-28
T103,The Contractor,Films,FR,fr,The Contractor,contested_kept,2026-06-29,2026-06-01,True,-28
T005,Enola Holmes 3,Films,FR,fr,Enola Holmes 3,ok,2026-06-29,2026-06-01,True,-28
T365,KPop Demon Hunters,Films,FR,fr,KPop Demon Hunters,ok,2026-06-29,2026-06-01,True,-28
T024,Avatar: The Last Airbender,TV,FR,fr,"Avatar, le dernier maître de l'air (série télévisée)",contested_kept,2026-06-29,2026-06-01,True,-28
T228,Seven,Films,FR,fr,Seven (film),ok,2026-06-29,2026-06-01,True,-28
T009,I Will Find You,TV,FR,fr,Sur tes traces,ok,2026-06-29,2026-06-01,True,-28
T012,Elite Force,TV,FR,fr,GIGN (mini-série),ok,2026-07-20,2026-06-24,False,-26
T002,The Last House,Films,FR,fr,"Le Dernier Refuge (film, 2026)",ok,2026-08-03,2026-07-18,False,-16
T037,Crew Girl,TV,FR,fr,Mal barrée,ok,2026-09-07,2026-08-23,False,-15
T087,The Polygamist,TV,FR,fr,The Polygamist,ok,2026-06-29,2026-06-20,False,-9
T014,Our Sticky Love,TV,FR,fr,Our Sticky Love,ok,2026-08-10,2026-08-02,False,-8
T025,Teach You a Lesson,TV,FR,fr,Que ça vous serve de leçon !,ok,2026-06-29,2026-06-21,False,-8
T033,My Brilliant Career,TV,FR,fr,Ma brillante carrière (série télévisée),ok,2026-08-10,2026-08-10,False,0
T010,72 HOURS,Films,FR,fr,72 Heures (film),ok,2026-07-20,2026-07-24,False,4
T028,The Bombing of Pan Am 103,TV,FR,fr,L'Attentat du vol Pan Am 103,ok,2026-07-27,2026-08-03,False,7
T034,The Truthers,Films,FR,fr,Leur vérité,ok,2026-07-20,2026-07-28,False,8
T004,Elize: Shadows of a Woman,Films,FR,fr,Elize : Surgie de l'ombre,ok,2026-07-20,2026-07-29,False,9
T011,The Secret Woman,Films,FR,fr,"La Femme secrète (film, 2026)",ok,2026-08-24,2026-09-05,False,12
T001,Agent Kim Reactivated,TV,FR,fr,Agent Kim Reactivated,ok,2026-06-29,2026-07-12,False,13
T021,Voicemails for Isabelle,Films,FR,fr,Si tu m'écoutes,ok,2026-06-29,2026-07-25,False,26
T039,The East Palace,TV,FR,fr,Le Palais de l'Est,ok,2026-07-20,2026-09-09,False,51
T287,Race for Glory: Audi vs. Lancia,Films,IT,it,Race for Glory: Audi vs. Lancia,ok,2026-09-14,2026-06-01,True,-105
T053,Gabby's Dollhouse,TV,IT,it,La casa delle bambole di Gabby,ok,2026-09-14,2026-06-01,True,-105
T059,The Little Things,Films,IT,it,Fino all'ultimo indizio,ok,2026-09-07,2026-06-01,True,-98
T089,Kraven the Hunter,Films,IT,it,Kraven - Il cacciatore,ok,2026-09-07,2026-06-01,True,-98
T063,Fauda,TV,IT,it,Fauda,ok,2026-09-07,2026-06-01,True,-98
T102,Monster-in-Law,Films,IT,it,Quel mostro di suocera,ok,2026-09-07,2026-06-01,True,-98
T197,Practical Magic,Films,IT,it,Amori & incantesimi,ok,2026-09-07,2026-06-01,True,-98
T008,Anacondas: Trail of Blood,Films,IT,it,Anaconda - Sentiero di sangue,ok,2026-08-31,2026-06-01,True,-91
T026,The Gentlemen,TV,IT,it,The Gentlemen (serie televisiva),ok,2026-08-31,2026-06-01,True,-91
T211,The Cleaning Lady,TV,IT,it,The Cleaning Lady,ok,2026-08-31,2026-06-01,True,-91
T088,The Sixth Sense,Films,IT,it,The Sixth Sense - Il sesto senso,ok,2026-08-31,2026-06-01,True,-91
T306,The Heat,Films,IT,it,Corpi da reato,ok,2026-08-24,2026-06-01,True,-84
T196,L'Amore sta bene su tutto,Films,IT,it,L'amore sta bene su tutto,ok,2026-08-24,2026-06-01,True,-84
T045,Seal Team,TV,IT,it,SEAL Team (serie televisiva),ok,2026-08-17,2026-06-01,True,-77
T020,Outer Banks,TV,IT,it,Outer Banks (serie televisiva),ok,2026-08-17,2026-06-01,True,-77
T071,What a Girl Wants,Films,IT,it,Una ragazza e il suo sogno,ok,2026-08-10,2026-06-01,True,-70
T105,Edge of Tomorrow,Films,IT,it,Edge of Tomorrow - Senza domani,ok,2026-08-10,2026-06-01,True,-70
T353,She's Out of My League,Films,IT,it,Lei è troppo per me,ok,2026-08-03,2026-06-01,True,-63
T370,Something's Gotta Give,Films,IT,it,Tutto può succedere - Something's Gotta Give,ok,2026-08-03,2026-06-01,True,-63
T017,My Life With the Walter Boys,TV,IT,it,Uno splendido errore,ok,2026-08-03,2026-06-01,True,-63
T264,Ricomincio da TAAAC,Films,IT,it,Ricomincio da taaac,ok,2026-08-03,2026-06-01,True,-63
T128,Buen Camino,Films,IT,it,Buen camino,ok,2026-07-27,2026-06-01,True,-56
T036,Spider-Man: Far from Home,Films,IT,it,Spider-Man: Far from Home,ok,2026-07-27,2026-06-01,True,-56
T274,Someone Like You,Films,IT,it,Qualcuno come te,contested_kept,2026-07-27,2026-06-01,True,-56
T030,Ransom Canyon,TV,IT,it,Ransom Canyon (serie televisiva),ok,2026-07-20,2026-06-01,True,-49
T111,The Town,Films,IT,it,The Town (film 2010),contested_kept,2026-07-13,2026-06-01,True,-42
T223,Venom: The Last Dance,Films,IT,it,Venom: The Last Dance,ok,2026-07-13,2026-06-01,True,-42
T255,Journey 2: The Mysterious Island,Films,IT,it,Viaggio nell'isola misteriosa,ok,2026-07-13,2026-06-01,True,-42
T091,Anora,Films,IT,it,Anora,contested_kept,2026-07-06,2026-06-01,True,-35
T268,Blood and Bone,Films,IT,it,Blood and Bone,ok,2026-07-06,2026-06-01,True,-35
T195,Il Bene Comune,Films,IT,it,Il bene comune,ok,2026-07-06,2026-06-01,True,-35
T348,My Family,TV,IT,it,Storia della mia famiglia,ok,2026-06-29,2026-06-01,True,-28
T065,Sonic the Hedgehog 3,Films,IT,it,Sonic 3 - Il film,ok,2026-06-29,2026-06-01,True,-28
T109,Night at the Museum,Films,IT,it,Una notte al museo,ok,2026-06-29,2026-06-01,True,-28
T104,Angel Eyes,Films,IT,it,Angel Eyes - Occhi d'angelo,contested_kept,2026-06-29,2026-06-01,True,-28
T024,Avatar: The Last Airbender,TV,IT,it,Avatar - La leggenda di Aang (serie televisiva),contested_kept,2026-06-29,2026-06-01,True,-28
T316,Lavoreremo da Grandi,Films,IT,it,Lavoreremo da grandi,ok,2026-06-29,2026-06-01,True,-28
T103,The Contractor,Films,IT,it,The Contractor - Rischio supremo,contested_kept,2026-06-29,2026-06-01,True,-28
T082,Sullivan's Crossing,TV,IT,it,Sullivan's Crossing,ok,2026-06-29,2026-06-05,False,-24
T021,Voicemails for Isabelle,Films,IT,it,Messaggi per Isabelle,ok,2026-06-29,2026-06-19,False,-10
T037,Crew Girl,TV,IT,it,Crew Girl,ok,2026-09-07,2026-09-04,False,-3
T003,The Whisper Man,Films,IT,it,L'uomo dei sussurri,ok,2026-08-24,2026-08-26,False,2
T002,The Last House,Films,IT,it,The Last House,ok,2026-08-03,2026-08-06,False,3
T006,Facing El Chapo,Films,IT,it,La Captura,ok,2026-08-17,2026-08-20,False,3
T034,The Truthers,Films,IT,it,Los Creyentes - Oltre la verità,ok,2026-07-20,2026-07-24,False,4
T005,Enola Holmes 3,Films,IT,it,Enola Holmes 3,ok,2026-06-29,2026-07-03,False,4
T010,72 HOURS,Films,IT,it,72 Hours (film 2026),ok,2026-07-20,2026-07-24,False,4
T084,Physical 100: Italy,TV,IT,it,Physical Italia: da 100 a 1,ok,2026-09-07,2026-09-12,False,5
T023,Little House on the Prairie,TV,IT,it,La casa nella prateria (serie televisiva 2026),ok,2026-07-06,2026-07-11,False,5
T014,Our Sticky Love,TV,IT,it,Our Sticky Love,ok,2026-08-10,2026-09-16,False,37
T015,The Debt Collector,Films,IT,it,The Debt Collector (film 2018),contested_kept,2026-07-20,2026-08-27,False,38
T001,Agent Kim Reactivated,TV,IT,it,Agent Kim Reactivated,ok,2026-06-29,2026-08-08,False,40
T039,The East Palace,TV,IT,it,The East Palace,ok,2026-07-20,2026-09-10,False,52
T093,The Wild Robot,Films,JP,ja,野生の島のロズ,ok,2026-09-14,2026-06-01,True,-105
T233,Plastic Beauty,TV,JP,ja,ダウンタイム,ok,2026-09-14,2026-06-03,False,-103
T108,Anaconda 3: Offspring,Films,JP,ja,アナコンダ3,ok,2026-09-07,2026-06-01,True,-98
T273,"One Second Ahead, One Second Behind",Films,JP,ja,1秒先の彼,ok,2026-09-07,2026-06-01,True,-98
T088,The Sixth Sense,Films,JP,ja,シックス・センス,ok,2026-08-31,2026-06-01,True,-91
T360,2012,Films,JP,ja,2012 (映画),ok,2026-08-31,2026-06-01,True,-91
T008,Anacondas: Trail of Blood,Films,JP,ja,アナコンダ4,ok,2026-08-31,2026-06-01,True,-91
T065,Sonic the Hedgehog 3,Films,JP,ja,ソニック×シャドウ TOKYO MISSION,ok,2026-08-24,2026-06-01,True,-84
T144,Last Mile,Films,JP,ja,ラストマイル,ok,2026-08-24,2026-06-01,True,-84
T240,Petals and Memories,Films,JP,ja,花まんま,ok,2026-08-17,2026-06-01,True,-77
T324,Silent Night,Films,JP,ja,サイレント・ナイト (2021年の映画),contested_kept,2026-08-03,2026-06-01,True,-63
T074,Badly in Love,TV,JP,ja,ラヴ上等,ok,2026-08-03,2026-06-01,True,-63
T079,Despicable Me 4,Films,JP,ja,怪盗グルーのミニオン超変身,ok,2026-07-27,2026-06-01,True,-56
T056,Spider-Man: Homecoming,Films,JP,ja,スパイダーマン:ホームカミング,ok,2026-07-27,2026-06-01,True,-56
T089,Kraven the Hunter,Films,JP,ja,クレイヴン・ザ・ハンター (映画),ok,2026-07-20,2026-06-01,True,-49
T118,GATE24:The Border,TV,JP,ja,大空港〜GATE24〜,ok,2026-07-20,2026-06-01,True,-49
T366,Kingdom,Films,JP,ja,キングダム/見えざる敵,ok,2026-07-13,2026-06-01,True,-42
T202,Kingdom 3: The Flame of Destiny,Films,JP,ja,キングダム 運命の炎,ok,2026-07-13,2026-06-01,True,-42
T141,25 Years of You,TV,JP,ja,告白-25年目の秘密-,ok,2026-07-13,2026-06-01,True,-42
T059,The Little Things,Films,JP,ja,リトル・シングス,ok,2026-07-13,2026-06-01,True,-42
T114,Until the T-shirt Dries,TV,JP,ja,Tシャツが乾くまで,ok,2026-07-06,2026-06-01,True,-35
T076,Human Vapor,TV,JP,ja,ガス人間,ok,2026-06-29,2026-06-01,True,-28
T110,Into the Blue,Films,JP,ja,イントゥ・ザ・ブルー,contested_kept,2026-06-29,2026-06-01,True,-28
T220,That Time I Got Reincarnated as a Slime,TV,JP,ja,転生したらスライムだった件 (アニメ),ok,2026-06-29,2026-06-01,True,-28
T115,Vivant,TV,JP,ja,VIVANT,ok,2026-06-29,2026-06-01,True,-28
T356,The Haunted Palace,TV,JP,ja,鬼宮,ok,2026-06-29,2026-06-01,True,-28
T025,Teach You a Lesson,TV,JP,ja,鉄槌教師,ok,2026-06-29,2026-07-05,False,6
T054,Spooky in Love,TV,JP,ja,恋は命がけ,ok,2026-07-27,2026-08-04,False,8
T005,Enola Holmes 3,Films,JP,ja,エノーラ・ホームズの事件簿3,ok,2026-06-29,2026-07-26,False,27
T132,"Four Hands, Two Sonatas",TV,KR,ko,포핸즈,ok,2026-08-24,,,
T236,The Warriors,Films,KR,ko,무사 (2001년 대한민국 영화),ok,2026-09-14,2026-06-01,True,-105
T235,The Scandal,TV,KR,ko,스캔들 (2026년 드라마),ok,2026-09-14,2026-06-01,True,-105
T321,One Way Trip,Films,KR,ko,글로리데이,ok,2026-09-14,2026-06-02,False,-104
T237,Black Bag,Films,KR,ko,블랙 백,ok,2026-09-14,2026-06-04,False,-102
T355,The Blind Side,Films,KR,ko,블라인드 사이드,ok,2026-09-07,2026-06-01,True,-98
T192,Troy,Films,KR,ko,트로이 (영화),ok,2026-09-07,2026-06-01,True,-98
T080,Mousetrap,TV,KR,ko,들쥐 (드라마),ok,2026-08-24,2026-06-01,True,-84
T066,The Hard Corps,Films,KR,ko,하드코: 라스트 미션,ok,2026-08-31,2026-06-09,False,-83
T003,The Whisper Man,Films,KR,ko,위스퍼맨,ok,2026-08-24,2026-06-02,False,-83
T358,Wolf Man,Films,KR,ko,울프맨 (2025년 영화),resolved_by_date,2026-08-31,2026-06-11,False,-81
T338,Cradle 2 the Grave,Films,KR,ko,크레이들 투 그레이브,ok,2026-08-17,2026-06-01,True,-77
T371,Suicide Squad,Films,KR,ko,수어사이드 스쿼드 (영화),ok,2026-08-17,2026-06-01,True,-77
T105,Edge of Tomorrow,Films,KR,ko,엣지 오브 투모로우,ok,2026-08-10,2026-06-01,True,-70
T309,Whenever Possible,TV,KR,ko,"틈만나면,",ok,2026-08-10,2026-06-01,True,-70
T225,The Auditors,TV,KR,ko,감사합니다 (드라마),ok,2026-08-10,2026-06-01,True,-70
T121,I am Solo,TV,KR,ko,나는 SOLO,ok,2026-08-03,2026-06-01,True,-63
T014,Our Sticky Love,TV,KR,ko,이런 엿 같은 사랑,ok,2026-08-03,2026-06-01,True,-63
T227,Roofman,Films,KR,ko,루프맨,ok,2026-07-27,2026-06-01,True,-56
T036,Spider-Man: Far from Home,Films,KR,ko,스파이더맨: 파 프롬 홈,ok,2026-07-27,2026-06-01,True,-56
T056,Spider-Man: Homecoming,Films,KR,ko,스파이더맨: 홈커밍,ok,2026-07-27,2026-06-01,True,-56
T127,Wild Sing,Films,KR,ko,와일드 씽 (2026년 영화),ok,2026-07-27,2026-06-05,False,-52
T260,Quarantine 2: Terminal,Films,KR,ko,쿼런틴 2: 터미널,ok,2026-07-20,2026-06-03,False,-47
T368,Mystic River,Films,KR,ko,미스틱 리버,ok,2026-07-20,2026-06-05,False,-45
T054,Spooky in Love,TV,KR,ko,오싹한 연애 (드라마),ok,2026-07-13,2026-06-01,True,-42
T039,The East Palace,TV,KR,ko,동궁 (드라마),ok,2026-07-13,2026-06-01,True,-42
T290,The Accountant,Films,KR,ko,어카운턴트,ok,2026-07-13,2026-06-02,False,-41
T221,The Noisy Mansion,Films,KR,ko,백수아파트,ok,2026-07-06,2026-06-01,True,-35
T152,Lobby,Films,KR,ko,로비 (영화),ok,2026-07-06,2026-06-01,True,-35
T123,The Apartment Job,TV,KR,ko,아파트 (2026년 드라마),ok,2026-07-06,2026-06-01,True,-35
T361,A Company Man,Films,KR,ko,회사원 (영화),ok,2026-07-06,2026-06-01,True,-35
T161,People and Meat,Films,KR,ko,사람과 고기,ok,2026-07-06,2026-06-03,False,-33
T217,Mercy For None,TV,KR,ko,광장 (2025년 드라마),ok,2026-06-29,2026-06-01,True,-28
T076,Human Vapor,TV,KR,ko,가스인간,ok,2026-06-29,2026-06-01,True,-28
T085,Notes from the Last Row,TV,KR,ko,맨 끝줄 소년 (드라마),ok,2026-06-29,2026-06-01,True,-28
T110,Into the Blue,Films,KR,ko,블루 스톰,contested_kept,2026-06-29,2026-06-01,True,-28
T025,Teach You a Lesson,TV,KR,ko,참교육,ok,2026-06-29,2026-06-01,True,-28
T303,My Royal Nemesis,TV,KR,ko,멋진 신세계 (드라마),ok,2026-06-29,2026-06-01,True,-28
T077,Husbands in Action,Films,KR,ko,남편들 (2026년 영화),ok,2026-06-29,2026-06-01,True,-28
T001,Agent Kim Reactivated,TV,KR,ko,김부장,ok,2026-06-29,2026-06-01,True,-28
T183,Vanishing Point,Films,KR,ko,소실점 (영화),ok,2026-09-07,2026-09-17,False,10
T005,Enola Holmes 3,Films,KR,ko,에놀라 홈즈 3,ok,2026-06-29,2026-08-16,False,48
