title_id,show_title,category,market,week_end,week_start,netflix_rank,cumulative_weeks
T001,Agent Kim Reactivated,TV,BR,2026-07-05,2026-06-29,3,2
T001,Agent Kim Reactivated,TV,JP,2026-07-05,2026-06-29,2,2
T001,Agent Kim Reactivated,TV,IT,2026-07-05,2026-06-29,8,2
T001,Agent Kim Reactivated,TV,FR,2026-07-05,2026-06-29,6,2
T001,Agent Kim Reactivated,TV,DE,2026-07-05,2026-06-29,8,2
T001,Agent Kim Reactivated,TV,KR,2026-07-05,2026-06-29,1,2
T005,Enola Holmes 3,Films,BR,2026-07-05,2026-06-29,1,1
T005,Enola Holmes 3,Films,JP,2026-07-05,2026-06-29,2,1
T005,Enola Holmes 3,Films,FR,2026-07-05,2026-06-29,1,1
T005,Enola Holmes 3,Films,DE,2026-07-05,2026-06-29,1,1
T005,Enola Holmes 3,Films,KR,2026-07-05,2026-06-29,3,1
T005,Enola Holmes 3,Films,IT,2026-07-05,2026-06-29,1,1
T009,I Will Find You,TV,BR,2026-07-05,2026-06-29,1,3
T009,I Will Find You,TV,IT,2026-07-05,2026-06-29,1,3
T009,I Will Find You,TV,FR,2026-07-05,2026-06-29,1,3
T009,I Will Find You,TV,KR,2026-07-05,2026-06-29,6,3
T009,I Will Find You,TV,DE,2026-07-05,2026-06-29,1,3
T018,Salish & Jordan Matter,TV,BR,2026-07-05,2026-06-29,7,1
T018,Salish & Jordan Matter,TV,FR,2026-07-05,2026-06-29,4,2
T018,Salish & Jordan Matter,TV,DE,2026-07-05,2026-06-29,4,2
T018,Salish & Jordan Matter,TV,IT,2026-07-05,2026-06-29,6,1
T021,Voicemails for Isabelle,Films,FR,2026-07-05,2026-06-29,3,3
T021,Voicemails for Isabelle,Films,IT,2026-07-05,2026-06-29,2,3
T021,Voicemails for Isabelle,Films,DE,2026-07-05,2026-06-29,3,3
T021,Voicemails for Isabelle,Films,BR,2026-07-05,2026-06-29,3,3
T022,Oasis,TV,BR,2026-07-05,2026-06-29,6,3
T022,Oasis,TV,FR,2026-07-05,2026-06-29,3,3
T022,Oasis,TV,DE,2026-07-05,2026-06-29,6,3
T022,Oasis,TV,IT,2026-07-05,2026-06-29,3,3
T024,Avatar: The Last Airbender,TV,IT,2026-07-05,2026-06-29,4,2
T024,Avatar: The Last Airbender,TV,DE,2026-07-05,2026-06-29,2,8
T024,Avatar: The Last Airbender,TV,BR,2026-07-05,2026-06-29,2,7
T024,Avatar: The Last Airbender,TV,FR,2026-07-05,2026-06-29,2,5
T025,Teach You a Lesson,TV,FR,2026-07-05,2026-06-29,8,4
T025,Teach You a Lesson,TV,BR,2026-07-05,2026-06-29,9,4
T025,Teach You a Lesson,TV,JP,2026-07-05,2026-06-29,3,5
T025,Teach You a Lesson,TV,KR,2026-07-05,2026-06-29,3,5
T040,Worst Neighbor Ever,TV,BR,2026-07-05,2026-06-29,8,1
T040,Worst Neighbor Ever,TV,DE,2026-07-05,2026-06-29,3,1
T040,Worst Neighbor Ever,TV,FR,2026-07-05,2026-06-29,5,1
T040,Worst Neighbor Ever,TV,IT,2026-07-05,2026-06-29,10,1
T049,The Creator,Films,KR,2026-07-05,2026-06-29,4,2
T051,Little Brother,Films,BR,2026-07-05,2026-06-29,5,2
T051,Little Brother,Films,FR,2026-07-05,2026-06-29,6,2
T051,Little Brother,Films,IT,2026-07-05,2026-06-29,5,2
T051,Little Brother,Films,DE,2026-07-05,2026-06-29,4,2
T055,The Beekeeper,Films,JP,2026-07-05,2026-06-29,6,4
T057,Losing Judgment,TV,IT,2026-07-05,2026-06-29,7,4
T065,Sonic the Hedgehog 3,Films,DE,2026-07-05,2026-06-29,8,1
T065,Sonic the Hedgehog 3,Films,IT,2026-07-05,2026-06-29,4,1
T076,Human Vapor,TV,JP,2026-07-05,2026-06-29,1,1
T076,Human Vapor,TV,KR,2026-07-05,2026-06-29,5,1
T077,Husbands in Action,Films,JP,2026-07-05,2026-06-29,9,3
T077,Husbands in Action,Films,KR,2026-07-05,2026-06-29,1,3
T082,Sullivan's Crossing,TV,IT,2026-07-05,2026-06-29,5,1
T082,Sullivan's Crossing,TV,DE,2026-07-05,2026-06-29,5,1
T085,Notes from the Last Row,TV,JP,2026-07-05,2026-06-29,6,1
T085,Notes from the Last Row,TV,KR,2026-07-05,2026-06-29,2,2
T087,The Polygamist,TV,FR,2026-07-05,2026-06-29,10,3
T087,The Polygamist,TV,BR,2026-07-05,2026-06-29,5,3
T101,Another Self,TV,BR,2026-07-05,2026-06-29,10,1
T101,Another Self,TV,FR,2026-07-05,2026-06-29,7,2
T103,The Contractor,Films,IT,2026-07-05,2026-06-29,6,1
T103,The Contractor,Films,FR,2026-07-05,2026-06-29,4,1
T104,Angel Eyes,Films,FR,2026-07-05,2026-06-29,5,1
T104,Angel Eyes,Films,IT,2026-07-05,2026-06-29,7,1
T109,Night at the Museum,Films,IT,2026-07-05,2026-06-29,10,1
T109,Night at the Museum,Films,FR,2026-07-05,2026-06-29,7,1
T110,Into the Blue,Films,JP,2026-07-05,2026-06-29,8,1
T110,Into the Blue,Films,KR,2026-07-05,2026-06-29,10,1
T115,Vivant,TV,JP,2026-07-05,2026-06-29,4,6
T122,SUZUKI=BAKUDAN,Films,JP,2026-07-05,2026-06-29,4,14
T129,Swapped,Films,BR,2026-07-05,2026-06-29,9,10
T137,Match to Marry: With Parents,TV,KR,2026-07-05,2026-06-29,4,2
T150,Hallan,Films,KR,2026-07-05,2026-06-29,2,1
T151,Les Condés,Films,FR,2026-07-05,2026-06-29,2,2
T164,Bobo Dormouse,TV,DE,2026-07-05,2026-06-29,10,1
T168,The Doorman,Films,BR,2026-07-05,2026-06-29,10,1
T172,Infinite,Films,DE,2026-07-05,2026-06-29,2,1
T175,Paradise City,Films,BR,2026-07-05,2026-06-29,2,1
T178,Rhythm + Flow Italy,TV,IT,2026-07-05,2026-06-29,2,2
T184,Admiral Yamamoto,Films,JP,2026-07-05,2026-06-29,3,1
T189,Succede Anche Nelle Migliori Famiglie,Films,IT,2026-07-05,2026-06-29,3,1
T203,Natacha (presque) hôtesse de l’air,Films,FR,2026-07-05,2026-06-29,8,1
T205,The Favor,Films,KR,2026-07-05,2026-06-29,6,1
T208,Manitou's Canoe,Films,DE,2026-07-05,2026-06-29,6,3
T215,Ghost Ship,Films,DE,2026-07-05,2026-06-29,7,1
T217,Mercy For None,TV,KR,2026-07-05,2026-06-29,9,7
T218,TESTO,TV,DE,2026-07-05,2026-06-29,7,1
T219,Take Cover,Films,BR,2026-07-05,2026-06-29,7,1
T220,That Time I Got Reincarnated as a Slime,TV,JP,2026-07-05,2026-06-29,7,13
T224,"High Valley, Top Hero",TV,KR,2026-07-05,2026-06-29,8,2
T228,Seven,Films,FR,2026-07-05,2026-06-29,9,1
T229,The Net,Films,IT,2026-07-05,2026-06-29,9,1
T231,Kaede: Our Echoing Stars,Films,JP,2026-07-05,2026-06-29,1,2
T263,Retribution,Films,BR,2026-07-05,2026-06-29,4,1
T266,Audrey,Films,KR,2026-07-05,2026-06-29,5,1
T269,Bride Hard,Films,DE,2026-07-05,2026-06-29,5,1
T275,Teasing Master Takagi-san Movie,Films,JP,2026-07-05,2026-06-29,5,1
T278,The Queen's Classroom,TV,JP,2026-07-05,2026-06-29,5,1
T280,Ballerina,Films,BR,2026-07-05,2026-06-29,6,4
T297,Blank Canvas: My So-Called Artist's Journey,Films,JP,2026-07-05,2026-06-29,7,3
T300,Homecam,Films,KR,2026-07-05,2026-06-29,7,3
T303,My Royal Nemesis,TV,KR,2026-07-05,2026-06-29,7,9
T314,Horror Express,Films,KR,2026-07-05,2026-06-29,8,1
T316,Lavoreremo da Grandi,Films,IT,2026-07-05,2026-06-29,8,2
T323,Siberia,Films,BR,2026-07-05,2026-06-29,8,2
T329,Viral Hit,TV,JP,2026-07-05,2026-06-29,8,4
T339,Dog 51,Films,DE,2026-07-05,2026-06-29,9,2
T348,My Family,TV,IT,2026-07-05,2026-06-29,9,4
T352,Run to the West,Films,KR,2026-07-05,2026-06-29,9,5
T356,The Haunted Palace,TV,JP,2026-07-05,2026-06-29,9,1
T365,KPop Demon Hunters,Films,FR,2026-07-05,2026-06-29,10,43
T373,The Invasion,Films,DE,2026-07-05,2026-06-29,10,1
T374,The Ramparts of Ice,TV,JP,2026-07-05,2026-06-29,10,4
T375,The Wicker Man,Films,JP,2026-07-05,2026-06-29,10,1
T378,Zanmang Loopy’s Mukbang,TV,KR,2026-07-05,2026-06-29,10,1
T001,Agent Kim Reactivated,TV,FR,2026-07-12,2026-07-06,5,3
T001,Agent Kim Reactivated,TV,KR,2026-07-12,2026-07-06,1,3
T001,Agent Kim Reactivated,TV,IT,2026-07-12,2026-07-06,9,3
T001,Agent Kim Reactivated,TV,BR,2026-07-12,2026-07-06,4,3
T001,Agent Kim Reactivated,TV,JP,2026-07-12,2026-07-06,4,3
T001,Agent Kim Reactivated,TV,DE,2026-07-12,2026-07-06,9,3
T005,Enola Holmes 3,Films,DE,2026-07-12,2026-07-06,1,2
T005,Enola Holmes 3,Films,KR,2026-07-12,2026-07-06,9,2
T005,Enola Holmes 3,Films,FR,2026-07-12,2026-07-06,2,2
T005,Enola Holmes 3,Films,BR,2026-07-12,2026-07-06,4,2
T005,Enola Holmes 3,Films,IT,2026-07-12,2026-07-06,1,2
T005,Enola Holmes 3,Films,JP,2026-07-12,2026-07-06,7,2
T009,I Will Find You,TV,IT,2026-07-12,2026-07-06,1,4
T009,I Will Find You,TV,DE,2026-07-12,2026-07-06,1,4
T009,I Will Find You,TV,BR,2026-07-12,2026-07-06,1,4
T009,I Will Find You,TV,FR,2026-07-12,2026-07-06,1,4
T018,Salish & Jordan Matter,TV,DE,2026-07-12,2026-07-06,6,3
T018,Salish & Jordan Matter,TV,FR,2026-07-12,2026-07-06,7,3
T018,Salish & Jordan Matter,TV,IT,2026-07-12,2026-07-06,10,2
T021,Voicemails for Isabelle,Films,BR,2026-07-12,2026-07-06,6,4
T021,Voicemails for Isabelle,Films,IT,2026-07-12,2026-07-06,7,4
T021,Voicemails for Isabelle,Films,FR,2026-07-12,2026-07-06,4,4
T021,Voicemails for Isabelle,Films,DE,2026-07-12,2026-07-06,2,4
T022,Oasis,TV,FR,2026-07-12,2026-07-06,3,4
T022,Oasis,TV,IT,2026-07-12,2026-07-06,6,4
T023,Little House on the Prairie,TV,BR,2026-07-12,2026-07-06,2,1
T023,Little House on the Prairie,TV,IT,2026-07-12,2026-07-06,4,1
T023,Little House on the Prairie,TV,FR,2026-07-12,2026-07-06,2,1
T023,Little House on the Prairie,TV,DE,2026-07-12,2026-07-06,3,1
T024,Avatar: The Last Airbender,TV,DE,2026-07-12,2026-07-06,2,3
T024,Avatar: The Last Airbender,TV,BR,2026-07-12,2026-07-06,3,8
T024,Avatar: The Last Airbender,TV,FR,2026-07-12,2026-07-06,6,3
T024,Avatar: The Last Airbender,TV,IT,2026-07-12,2026-07-06,8,3
T025,Teach You a Lesson,TV,KR,2026-07-12,2026-07-06,4,6
T025,Teach You a Lesson,TV,JP,2026-07-12,2026-07-06,6,6
T025,Teach You a Lesson,TV,FR,2026-07-12,2026-07-06,8,5
T038,Nothing to Lose,Films,BR,2026-07-12,2026-07-06,8,1
T038,Nothing to Lose,Films,FR,2026-07-12,2026-07-06,1,1
T038,Nothing to Lose,Films,IT,2026-07-12,2026-07-06,8,1
T038,Nothing to Lose,Films,DE,2026-07-12,2026-07-06,10,1
T040,Worst Neighbor Ever,TV,BR,2026-07-12,2026-07-06,10,2
T040,Worst Neighbor Ever,TV,FR,2026-07-12,2026-07-06,4,2
T040,Worst Neighbor Ever,TV,DE,2026-07-12,2026-07-06,4,2
T048,José Totoy 3,TV,BR,2026-07-12,2026-07-06,9,6
T049,The Creator,Films,JP,2026-07-12,2026-07-06,10,1
T055,The Beekeeper,Films,KR,2026-07-12,2026-07-06,3,1
T057,Losing Judgment,TV,IT,2026-07-12,2026-07-06,7,5
T057,Losing Judgment,TV,BR,2026-07-12,2026-07-06,8,3
T057,Losing Judgment,TV,FR,2026-07-12,2026-07-06,9,3
T058,Shipwrecked: Nightmare at Sea,Films,IT,2026-07-12,2026-07-06,2,1
T058,Shipwrecked: Nightmare at Sea,Films,DE,2026-07-12,2026-07-06,3,1
T058,Shipwrecked: Nightmare at Sea,Films,FR,2026-07-12,2026-07-06,8,1
T065,Sonic the Hedgehog 3,Films,IT,2026-07-12,2026-07-06,9,2
T076,Human Vapor,TV,JP,2026-07-12,2026-07-06,1,2
T076,Human Vapor,TV,KR,2026-07-12,2026-07-06,6,2
T077,Husbands in Action,Films,KR,2026-07-12,2026-07-06,8,4
T082,Sullivan's Crossing,TV,DE,2026-07-12,2026-07-06,5,2
T082,Sullivan's Crossing,TV,IT,2026-07-12,2026-07-06,5,2
T085,Notes from the Last Row,TV,KR,2026-07-12,2026-07-06,5,3
T087,The Polygamist,TV,BR,2026-07-12,2026-07-06,7,4
T090,Meg 2: The Trench,Films,BR,2026-07-12,2026-07-06,5,1
T091,Anora,Films,IT,2026-07-12,2026-07-06,3,1
T092,Chainsmoker Cat,TV,KR,2026-07-12,2026-07-06,10,1
T092,Chainsmoker Cat,TV,JP,2026-07-12,2026-07-06,3,1
T093,The Wild Robot,Films,BR,2026-07-12,2026-07-06,3,1
T101,Another Self,TV,FR,2026-07-12,2026-07-06,10,3
T114,Until the T-shirt Dries,TV,JP,2026-07-12,2026-07-06,5,1
T115,Vivant,TV,JP,2026-07-12,2026-07-06,7,7
T117,Mushoku Tensei: Jobless Reincarnation,TV,JP,2026-07-12,2026-07-06,2,1
T122,SUZUKI=BAKUDAN,Films,JP,2026-07-12,2026-07-06,4,15
T123,The Apartment Job,TV,KR,2026-07-12,2026-07-06,3,1
T131,Better Late Than Single,TV,KR,2026-07-12,2026-07-06,2,1
T136,The Rookie,TV,DE,2026-07-12,2026-07-06,8,1
T137,Match to Marry: With Parents,TV,KR,2026-07-12,2026-07-06,8,3
T142,Dangerous Animals,Films,DE,2026-07-12,2026-07-06,7,1
T150,Hallan,Films,KR,2026-07-12,2026-07-06,2,2
T151,Les Condés,Films,FR,2026-07-12,2026-07-06,3,3
T152,Lobby,Films,KR,2026-07-12,2026-07-06,6,1
T159,Kingdom2: Far and Away,Films,JP,2026-07-12,2026-07-06,9,15
T161,People and Meat,Films,KR,2026-07-12,2026-07-06,4,1
T164,Bobo Dormouse,TV,DE,2026-07-12,2026-07-06,10,2
T168,The Doorman,Films,BR,2026-07-12,2026-07-06,1,2
T169,The Unrighteous,Films,KR,2026-07-12,2026-07-06,1,1
T171,True Beauty: The Movie Part 1,Films,JP,2026-07-12,2026-07-06,1,1
T172,Infinite,Films,DE,2026-07-12,2026-07-06,5,2
T175,Paradise City,Films,BR,2026-07-12,2026-07-06,7,2
T178,Rhythm + Flow Italy,TV,IT,2026-07-12,2026-07-06,3,3
T180,Summer ’36,TV,IT,2026-07-12,2026-07-06,2,1
T182,True Beauty: The Movie Part 2,Films,JP,2026-07-12,2026-07-06,2,1
T184,Admiral Yamamoto,Films,JP,2026-07-12,2026-07-06,5,2
T189,Succede Anche Nelle Migliori Famiglie,Films,IT,2026-07-12,2026-07-06,6,2
T195,Il Bene Comune,Films,IT,2026-07-12,2026-07-06,4,1
T203,Natacha (presque) hôtesse de l’air,Films,FR,2026-07-12,2026-07-06,5,2
T205,The Favor,Films,KR,2026-07-12,2026-07-06,5,2
T208,Manitou's Canoe,Films,DE,2026-07-12,2026-07-06,8,4
T215,Ghost Ship,Films,DE,2026-07-12,2026-07-06,9,2
T216,Killer Elite,Films,BR,2026-07-12,2026-07-06,9,1
T217,Mercy For None,TV,KR,2026-07-12,2026-07-06,7,8
T218,TESTO,TV,DE,2026-07-12,2026-07-06,7,2
T219,Take Cover,Films,BR,2026-07-12,2026-07-06,10,2
T220,That Time I Got Reincarnated as a Slime,TV,JP,2026-07-12,2026-07-06,10,14
T221,The Noisy Mansion,Films,KR,2026-07-12,2026-07-06,7,1
T224,"High Valley, Top Hero",TV,KR,2026-07-12,2026-07-06,9,3
T228,Seven,Films,FR,2026-07-12,2026-07-06,10,2
T229,The Net,Films,IT,2026-07-12,2026-07-06,10,2
T241,Rust Creek,Films,BR,2026-07-12,2026-07-06,2,1
T246,The Hustle,Films,JP,2026-07-12,2026-07-06,3,1
T248,22 Bahnen,Films,DE,2026-07-12,2026-07-06,4,1
T268,Blood and Bone,Films,IT,2026-07-12,2026-07-06,5,3
T281,F9: The Fast Saga,Films,DE,2026-07-12,2026-07-06,6,1
T289,The 35-Year Promise,Films,JP,2026-07-12,2026-07-06,6,1
T291,The Faithful,TV,BR,2026-07-12,2026-07-06,6,1
T293,The Woman in the Yard,Films,FR,2026-07-12,2026-07-06,6,1
T301,Journey to the Center of the Earth,Films,FR,2026-07-12,2026-07-06,7,1
T319,Missing Child Videotape,Films,JP,2026-07-12,2026-07-06,8,1
T325,Sparks of Tomorrow,TV,JP,2026-07-12,2026-07-06,8,1
T351,Presidents,Films,FR,2026-07-12,2026-07-06,9,1
T359,Zaininnouso (TBD),TV,JP,2026-07-12,2026-07-06,9,1
T361,A Company Man,Films,KR,2026-07-12,2026-07-06,10,4
T001,Agent Kim Reactivated,TV,JP,2026-07-19,2026-07-13,4,4
T001,Agent Kim Reactivated,TV,FR,2026-07-19,2026-07-13,5,4
T001,Agent Kim Reactivated,TV,BR,2026-07-19,2026-07-13,3,4
T001,Agent Kim Reactivated,TV,KR,2026-07-19,2026-07-13,2,4
T001,Agent Kim Reactivated,TV,DE,2026-07-19,2026-07-13,5,4
T001,Agent Kim Reactivated,TV,IT,2026-07-19,2026-07-13,5,4
T005,Enola Holmes 3,Films,FR,2026-07-19,2026-07-13,7,3
T005,Enola Holmes 3,Films,IT,2026-07-19,2026-07-13,5,3
T005,Enola Holmes 3,Films,DE,2026-07-19,2026-07-13,5,3
T009,I Will Find You,TV,FR,2026-07-19,2026-07-13,2,5
T009,I Will Find You,TV,DE,2026-07-19,2026-07-13,2,5
T009,I Will Find You,TV,BR,2026-07-19,2026-07-13,2,5
T009,I Will Find You,TV,IT,2026-07-19,2026-07-13,1,5
T013,Desire,Films,DE,2026-07-19,2026-07-13,3,1
T013,Desire,Films,IT,2026-07-19,2026-07-13,2,1
T013,Desire,Films,FR,2026-07-19,2026-07-13,1,1
T013,Desire,Films,BR,2026-07-19,2026-07-13,1,1
T016,Death on the Nile,Films,JP,2026-07-19,2026-07-13,8,1
T016,Death on the Nile,Films,IT,2026-07-19,2026-07-13,9,1
T016,Death on the Nile,Films,DE,2026-07-19,2026-07-13,7,1
T016,Death on the Nile,Films,FR,2026-07-19,2026-07-13,10,1
T016,Death on the Nile,Films,KR,2026-07-19,2026-07-13,10,1
T018,Salish & Jordan Matter,TV,FR,2026-07-19,2026-07-13,10,4
T018,Salish & Jordan Matter,TV,DE,2026-07-19,2026-07-13,6,4
T021,Voicemails for Isabelle,Films,BR,2026-07-19,2026-07-13,6,5
T021,Voicemails for Isabelle,Films,DE,2026-07-19,2026-07-13,6,5
T021,Voicemails for Isabelle,Films,FR,2026-07-19,2026-07-13,4,5
T022,Oasis,TV,IT,2026-07-19,2026-07-13,3,5
T022,Oasis,TV,FR,2026-07-19,2026-07-13,3,5
T023,Little House on the Prairie,TV,IT,2026-07-19,2026-07-13,2,2
T023,Little House on the Prairie,TV,DE,2026-07-19,2026-07-13,1,2
T023,Little House on the Prairie,TV,BR,2026-07-19,2026-07-13,1,2
T023,Little House on the Prairie,TV,FR,2026-07-19,2026-07-13,1,2
T024,Avatar: The Last Airbender,TV,FR,2026-07-19,2026-07-13,6,4
T024,Avatar: The Last Airbender,TV,IT,2026-07-19,2026-07-13,9,4
T024,Avatar: The Last Airbender,TV,DE,2026-07-19,2026-07-13,4,4
T024,Avatar: The Last Airbender,TV,BR,2026-07-19,2026-07-13,5,4
T025,Teach You a Lesson,TV,KR,2026-07-19,2026-07-13,6,7
T025,Teach You a Lesson,TV,FR,2026-07-19,2026-07-13,9,6
T038,Nothing to Lose,Films,BR,2026-07-19,2026-07-13,3,2
T038,Nothing to Lose,Films,DE,2026-07-19,2026-07-13,10,2
T038,Nothing to Lose,Films,IT,2026-07-19,2026-07-13,3,2
T038,Nothing to Lose,Films,FR,2026-07-19,2026-07-13,3,2
T039,The East Palace,TV,KR,2026-07-19,2026-07-13,1,1
T040,Worst Neighbor Ever,TV,DE,2026-07-19,2026-07-13,9,3
T042,The Map of Longing,TV,IT,2026-07-19,2026-07-13,7,1
T048,José Totoy 3,TV,DE,2026-07-19,2026-07-13,8,1
T048,José Totoy 3,TV,BR,2026-07-19,2026-07-13,4,7
T048,José Totoy 3,TV,IT,2026-07-19,2026-07-13,10,1
T048,José Totoy 3,TV,FR,2026-07-19,2026-07-13,4,1
T049,The Creator,Films,DE,2026-07-19,2026-07-13,9,1
T054,Spooky in Love,TV,BR,2026-07-19,2026-07-13,8,1
T054,Spooky in Love,TV,KR,2026-07-19,2026-07-13,7,1
T055,The Beekeeper,Films,KR,2026-07-19,2026-07-13,1,2
T057,Losing Judgment,TV,BR,2026-07-19,2026-07-13,10,4
T057,Losing Judgment,TV,IT,2026-07-19,2026-07-13,4,6
T057,Losing Judgment,TV,FR,2026-07-19,2026-07-13,7,4
T058,Shipwrecked: Nightmare at Sea,Films,DE,2026-07-19,2026-07-13,4,2
T058,Shipwrecked: Nightmare at Sea,Films,FR,2026-07-19,2026-07-13,5,2
T058,Shipwrecked: Nightmare at Sea,Films,IT,2026-07-19,2026-07-13,1,2
T059,The Little Things,Films,JP,2026-07-19,2026-07-13,6,3
T070,I'm Not Afraid,TV,BR,2026-07-19,2026-07-13,6,1
T070,I'm Not Afraid,TV,FR,2026-07-19,2026-07-13,8,1
T070,I'm Not Afraid,TV,IT,2026-07-19,2026-07-13,8,1
T075,Smoking Behind the Supermarket With You,TV,JP,2026-07-19,2026-07-13,5,1
T076,Human Vapor,TV,KR,2026-07-19,2026-07-13,10,3
T076,Human Vapor,TV,JP,2026-07-19,2026-07-13,2,3
T077,Husbands in Action,Films,KR,2026-07-19,2026-07-13,7,5
T079,Despicable Me 4,Films,BR,2026-07-19,2026-07-13,10,7
T081,Sniper: No Nation,Films,DE,2026-07-19,2026-07-13,2,1
T081,Sniper: No Nation,Films,KR,2026-07-19,2026-07-13,3,1
T082,Sullivan's Crossing,TV,DE,2026-07-19,2026-07-13,10,3
T085,Notes from the Last Row,TV,KR,2026-07-19,2026-07-13,8,4
T087,The Polygamist,TV,BR,2026-07-19,2026-07-13,9,5
T090,Meg 2: The Trench,Films,BR,2026-07-19,2026-07-13,2,2
T091,Anora,Films,IT,2026-07-19,2026-07-13,6,2
T092,Chainsmoker Cat,TV,JP,2026-07-19,2026-07-13,6,2
T093,The Wild Robot,Films,BR,2026-07-19,2026-07-13,5,2
T111,The Town,Films,FR,2026-07-19,2026-07-13,8,1
T111,The Town,Films,IT,2026-07-19,2026-07-13,10,1
T114,Until the T-shirt Dries,TV,JP,2026-07-19,2026-07-13,1,2
T116,The Mentalist,TV,BR,2026-07-19,2026-07-13,7,3
T117,Mushoku Tensei: Jobless Reincarnation,TV,JP,2026-07-19,2026-07-13,3,2
T122,SUZUKI=BAKUDAN,Films,JP,2026-07-19,2026-07-13,2,16
T123,The Apartment Job,TV,KR,2026-07-19,2026-07-13,3,2
T129,Swapped,Films,BR,2026-07-19,2026-07-13,8,11
T131,Better Late Than Single,TV,KR,2026-07-19,2026-07-13,4,2
T136,The Rookie,TV,DE,2026-07-19,2026-07-13,3,2
T137,Match to Marry: With Parents,TV,KR,2026-07-19,2026-07-13,9,4
T141,25 Years of You,TV,JP,2026-07-19,2026-07-13,7,1
T142,Dangerous Animals,Films,DE,2026-07-19,2026-07-13,1,2
T143,Kingdom: Return of The Great General,Films,JP,2026-07-19,2026-07-13,1,5
T150,Hallan,Films,KR,2026-07-19,2026-07-13,9,3
T151,Les Condés,Films,FR,2026-07-19,2026-07-13,9,4
T152,Lobby,Films,KR,2026-07-19,2026-07-13,2,2
T159,Kingdom2: Far and Away,Films,JP,2026-07-19,2026-07-13,4,16
T161,People and Meat,Films,KR,2026-07-19,2026-07-13,4,2
T163,The Psychopath I Met,TV,KR,2026-07-19,2026-07-13,5,1
T164,Bobo Dormouse,TV,DE,2026-07-19,2026-07-13,7,3
T169,The Unrighteous,Films,KR,2026-07-19,2026-07-13,5,2
T171,True Beauty: The Movie Part 1,Films,JP,2026-07-19,2026-07-13,3,2
T180,Summer ’36,TV,IT,2026-07-19,2026-07-13,6,2
T181,The Retirement Plan,Films,FR,2026-07-19,2026-07-13,2,1
T182,True Beauty: The Movie Part 2,Films,JP,2026-07-19,2026-07-13,7,2
T195,Il Bene Comune,Films,IT,2026-07-19,2026-07-13,8,2
T198,23 000 Lives,Films,BR,2026-07-19,2026-07-13,9,1
T202,Kingdom 3: The Flame of Destiny,Films,JP,2026-07-19,2026-07-13,5,6
T216,Killer Elite,Films,BR,2026-07-19,2026-07-13,7,2
T221,The Noisy Mansion,Films,KR,2026-07-19,2026-07-13,8,2
T223,Venom: The Last Dance,Films,IT,2026-07-19,2026-07-13,7,1
T255,Journey 2: The Mysterious Island,Films,IT,2026-07-19,2026-07-13,4,1
T256,Joy Ride,Films,BR,2026-07-19,2026-07-13,4,1
T290,The Accountant,Films,KR,2026-07-19,2026-07-13,6,1
T295,What’s With This Granny!?,Films,FR,2026-07-19,2026-07-13,6,1
T328,Undertone,Films,DE,2026-07-19,2026-07-13,8,1
T330,You and I Are Polar Opposites,TV,JP,2026-07-19,2026-07-13,8,1
T343,I Became a Legend After My 10 Year-Long Last Stand,TV,JP,2026-07-19,2026-07-13,9,1
T349,My Love Story with Yamada-kun at Lv999,Films,JP,2026-07-19,2026-07-13,9,1
T366,Kingdom,Films,JP,2026-07-19,2026-07-13,10,9
T372,The Exiled Heavy Knight Knows How To Game the System,TV,JP,2026-07-19,2026-07-13,10,1
T001,Agent Kim Reactivated,TV,FR,2026-07-26,2026-07-20,5,5
T001,Agent Kim Reactivated,TV,KR,2026-07-26,2026-07-20,2,5
T001,Agent Kim Reactivated,TV,JP,2026-07-26,2026-07-20,6,5
T001,Agent Kim Reactivated,TV,IT,2026-07-26,2026-07-20,8,5
T001,Agent Kim Reactivated,TV,BR,2026-07-26,2026-07-20,6,5
T004,Elize: Shadows of a Woman,Films,FR,2026-07-26,2026-07-20,1,1
T004,Elize: Shadows of a Woman,Films,DE,2026-07-26,2026-07-20,2,1
T004,Elize: Shadows of a Woman,Films,BR,2026-07-26,2026-07-20,1,1
T004,Elize: Shadows of a Woman,Films,KR,2026-07-26,2026-07-20,5,1
T004,Elize: Shadows of a Woman,Films,IT,2026-07-26,2026-07-20,2,1
T005,Enola Holmes 3,Films,DE,2026-07-26,2026-07-20,10,4
T009,I Will Find You,TV,IT,2026-07-26,2026-07-20,2,6
T009,I Will Find You,TV,BR,2026-07-26,2026-07-20,2,6
T009,I Will Find You,TV,DE,2026-07-26,2026-07-20,3,6
T009,I Will Find You,TV,FR,2026-07-26,2026-07-20,2,6
T010,72 HOURS,Films,BR,2026-07-26,2026-07-20,3,1
T010,72 HOURS,Films,DE,2026-07-26,2026-07-20,1,1
T010,72 HOURS,Films,IT,2026-07-26,2026-07-20,3,1
T010,72 HOURS,Films,FR,2026-07-26,2026-07-20,3,1
T012,Elite Force,TV,DE,2026-07-26,2026-07-20,2,1
T012,Elite Force,TV,FR,2026-07-26,2026-07-20,1,1
T012,Elite Force,TV,KR,2026-07-26,2026-07-20,10,1
T012,Elite Force,TV,BR,2026-07-26,2026-07-20,1,1
T012,Elite Force,TV,IT,2026-07-26,2026-07-20,1,1
T013,Desire,Films,BR,2026-07-26,2026-07-20,2,2
T013,Desire,Films,DE,2026-07-26,2026-07-20,3,2
T013,Desire,Films,IT,2026-07-26,2026-07-20,1,2
T013,Desire,Films,FR,2026-07-26,2026-07-20,2,2
T013,Desire,Films,KR,2026-07-26,2026-07-20,6,1
T015,The Debt Collector,Films,KR,2026-07-26,2026-07-20,2,1
T015,The Debt Collector,Films,BR,2026-07-26,2026-07-20,4,1
T015,The Debt Collector,Films,FR,2026-07-26,2026-07-20,10,1
T015,The Debt Collector,Films,IT,2026-07-26,2026-07-20,9,1
T018,Salish & Jordan Matter,TV,FR,2026-07-26,2026-07-20,10,5
T021,Voicemails for Isabelle,Films,FR,2026-07-26,2026-07-20,8,6
T021,Voicemails for Isabelle,Films,DE,2026-07-26,2026-07-20,7,6
T022,Oasis,TV,IT,2026-07-26,2026-07-20,4,6
T022,Oasis,TV,FR,2026-07-26,2026-07-20,4,6
T023,Little House on the Prairie,TV,BR,2026-07-26,2026-07-20,5,3
T023,Little House on the Prairie,TV,DE,2026-07-26,2026-07-20,6,3
T023,Little House on the Prairie,TV,IT,2026-07-26,2026-07-20,9,3
T023,Little House on the Prairie,TV,FR,2026-07-26,2026-07-20,7,3
T024,Avatar: The Last Airbender,TV,DE,2026-07-26,2026-07-20,9,5
T025,Teach You a Lesson,TV,KR,2026-07-26,2026-07-20,6,8
T027,My Daughter's Father,TV,IT,2026-07-26,2026-07-20,5,1
T027,My Daughter's Father,TV,DE,2026-07-26,2026-07-20,10,1
T027,My Daughter's Father,TV,FR,2026-07-26,2026-07-20,6,1
T027,My Daughter's Father,TV,BR,2026-07-26,2026-07-20,4,1
T030,Ransom Canyon,TV,IT,2026-07-26,2026-07-20,6,1
T030,Ransom Canyon,TV,BR,2026-07-26,2026-07-20,10,1
T030,Ransom Canyon,TV,DE,2026-07-26,2026-07-20,5,1
T030,Ransom Canyon,TV,FR,2026-07-26,2026-07-20,8,1
T034,The Truthers,Films,IT,2026-07-26,2026-07-20,5,1
T034,The Truthers,Films,DE,2026-07-26,2026-07-20,8,1
T034,The Truthers,Films,BR,2026-07-26,2026-07-20,9,1
T034,The Truthers,Films,FR,2026-07-26,2026-07-20,6,1
T039,The East Palace,TV,KR,2026-07-26,2026-07-20,1,2
T039,The East Palace,TV,IT,2026-07-26,2026-07-20,10,1
T039,The East Palace,TV,FR,2026-07-26,2026-07-20,9,1
T039,The East Palace,TV,BR,2026-07-26,2026-07-20,9,1
T042,The Map of Longing,TV,IT,2026-07-26,2026-07-20,3,2
T042,The Map of Longing,TV,BR,2026-07-26,2026-07-20,8,1
T042,The Map of Longing,TV,DE,2026-07-26,2026-07-20,4,1
T042,The Map of Longing,TV,FR,2026-07-26,2026-07-20,3,1
T049,The Creator,Films,IT,2026-07-26,2026-07-20,6,1
T049,The Creator,Films,DE,2026-07-26,2026-07-20,6,2
T054,Spooky in Love,TV,BR,2026-07-26,2026-07-20,3,2
T054,Spooky in Love,TV,KR,2026-07-26,2026-07-20,4,2
T055,The Beekeeper,Films,KR,2026-07-26,2026-07-20,1,3
T057,Losing Judgment,TV,IT,2026-07-26,2026-07-20,7,7
T058,Shipwrecked: Nightmare at Sea,Films,IT,2026-07-26,2026-07-20,8,3
T059,The Little Things,Films,JP,2026-07-26,2026-07-20,5,4
T061,A Toxic Love Story,Films,FR,2026-07-26,2026-07-20,7,1
T061,A Toxic Love Story,Films,DE,2026-07-26,2026-07-20,4,1
T061,A Toxic Love Story,Films,IT,2026-07-26,2026-07-20,10,1
T075,Smoking Behind the Supermarket With You,TV,JP,2026-07-26,2026-07-20,10,2
T075,Smoking Behind the Supermarket With You,TV,KR,2026-07-26,2026-07-20,8,1
T076,Human Vapor,TV,JP,2026-07-26,2026-07-20,3,4
T077,Husbands in Action,Films,KR,2026-07-26,2026-07-20,7,6
T079,Despicable Me 4,Films,BR,2026-07-26,2026-07-20,8,8
T081,Sniper: No Nation,Films,KR,2026-07-26,2026-07-20,3,2
T081,Sniper: No Nation,Films,DE,2026-07-26,2026-07-20,5,2
T089,Kraven the Hunter,Films,JP,2026-07-26,2026-07-20,3,1
T100,Companion,Films,BR,2026-07-26,2026-07-20,6,1
T114,Until the T-shirt Dries,TV,JP,2026-07-26,2026-07-20,1,3
T115,Vivant,TV,JP,2026-07-26,2026-07-20,7,8
T116,The Mentalist,TV,BR,2026-07-26,2026-07-20,7,4
T117,Mushoku Tensei: Jobless Reincarnation,TV,JP,2026-07-26,2026-07-20,8,3
T118,GATE24:The Border,TV,JP,2026-07-26,2026-07-20,4,1
T122,SUZUKI=BAKUDAN,Films,JP,2026-07-26,2026-07-20,10,17
T123,The Apartment Job,TV,KR,2026-07-26,2026-07-20,3,3
T126,Kaulitz & Kaulitz,TV,DE,2026-07-26,2026-07-20,1,1
T129,Swapped,Films,BR,2026-07-26,2026-07-20,10,12
T131,Better Late Than Single,TV,KR,2026-07-26,2026-07-20,5,3
T136,The Rookie,TV,DE,2026-07-26,2026-07-20,7,3
T137,Match to Marry: With Parents,TV,KR,2026-07-26,2026-07-20,9,5
T142,Dangerous Animals,Films,DE,2026-07-26,2026-07-20,9,3
T143,Kingdom: Return of The Great General,Films,JP,2026-07-26,2026-07-20,4,6
T148,The Convenience Store,Films,JP,2026-07-26,2026-07-20,1,1
T149,GTO (2026),TV,JP,2026-07-26,2026-07-20,2,1
T152,Lobby,Films,KR,2026-07-26,2026-07-20,8,3
T159,Kingdom2: Far and Away,Films,JP,2026-07-26,2026-07-20,8,17
T161,People and Meat,Films,KR,2026-07-26,2026-07-20,9,3
T163,The Psychopath I Met,TV,KR,2026-07-26,2026-07-20,7,2
T181,The Retirement Plan,Films,FR,2026-07-26,2026-07-20,9,2
T198,23 000 Lives,Films,BR,2026-07-26,2026-07-20,5,2
T202,Kingdom 3: The Flame of Destiny,Films,JP,2026-07-26,2026-07-20,7,7
T223,Venom: The Last Dance,Films,IT,2026-07-26,2026-07-20,7,2
T239,Peleliu: Guernica of Paradise,Films,JP,2026-07-26,2026-07-20,2,1
T249,A Lot Like Paris,Films,IT,2026-07-26,2026-07-20,4,1
T260,Quarantine 2: Terminal,Films,KR,2026-07-26,2026-07-20,4,1
T261,Rapide,Films,FR,2026-07-26,2026-07-20,4,1
T267,Barbie,Films,FR,2026-07-26,2026-07-20,5,1
T279,You Can't Expense This!,TV,JP,2026-07-26,2026-07-20,5,1
T288,Speak No Evil,Films,JP,2026-07-26,2026-07-20,6,1
T302,Monsters vs. Aliens,Films,BR,2026-07-26,2026-07-20,7,1
T327,The Hawk,TV,DE,2026-07-26,2026-07-20,8,1
T335,Black Trick: The Lawyer Who Controls Justice,TV,JP,2026-07-26,2026-07-20,9,1
T357,What’s So Great About Being 90 Years Old?,Films,JP,2026-07-26,2026-07-20,9,1
T368,Mystic River,Films,KR,2026-07-26,2026-07-20,10,2
T001,Agent Kim Reactivated,TV,FR,2026-08-02,2026-07-27,8,6
T001,Agent Kim Reactivated,TV,JP,2026-08-02,2026-07-27,7,6
T001,Agent Kim Reactivated,TV,KR,2026-08-02,2026-07-27,2,6
T004,Elize: Shadows of a Woman,Films,JP,2026-08-02,2026-07-27,3,1
T004,Elize: Shadows of a Woman,Films,IT,2026-08-02,2026-07-27,2,2
T004,Elize: Shadows of a Woman,Films,BR,2026-08-02,2026-07-27,1,2
T004,Elize: Shadows of a Woman,Films,KR,2026-08-02,2026-07-27,8,2
T004,Elize: Shadows of a Woman,Films,FR,2026-08-02,2026-07-27,1,2
T004,Elize: Shadows of a Woman,Films,DE,2026-08-02,2026-07-27,2,2
T005,Enola Holmes 3,Films,DE,2026-08-02,2026-07-27,9,5
T009,I Will Find You,TV,DE,2026-08-02,2026-07-27,6,7
T009,I Will Find You,TV,BR,2026-08-02,2026-07-27,10,7
T009,I Will Find You,TV,IT,2026-08-02,2026-07-27,5,7
T009,I Will Find You,TV,FR,2026-08-02,2026-07-27,4,7
T010,72 HOURS,Films,DE,2026-08-02,2026-07-27,1,2
T010,72 HOURS,Films,JP,2026-08-02,2026-07-27,5,1
T010,72 HOURS,Films,BR,2026-08-02,2026-07-27,2,2
T010,72 HOURS,Films,FR,2026-08-02,2026-07-27,2,2
T010,72 HOURS,Films,IT,2026-08-02,2026-07-27,1,2
T012,Elite Force,TV,FR,2026-08-02,2026-07-27,1,2
T012,Elite Force,TV,IT,2026-08-02,2026-07-27,1,2
T012,Elite Force,TV,DE,2026-08-02,2026-07-27,3,2
T012,Elite Force,TV,BR,2026-08-02,2026-07-27,1,2
T013,Desire,Films,FR,2026-08-02,2026-07-27,9,3
T013,Desire,Films,DE,2026-08-02,2026-07-27,8,3
T013,Desire,Films,BR,2026-08-02,2026-07-27,8,3
T013,Desire,Films,IT,2026-08-02,2026-07-27,6,3
T015,The Debt Collector,Films,IT,2026-08-02,2026-07-27,4,2
T015,The Debt Collector,Films,KR,2026-08-02,2026-07-27,3,2
T015,The Debt Collector,Films,FR,2026-08-02,2026-07-27,6,2
T015,The Debt Collector,Films,JP,2026-08-02,2026-07-27,4,1
T015,The Debt Collector,Films,BR,2026-08-02,2026-07-27,4,2
T021,Voicemails for Isabelle,Films,DE,2026-08-02,2026-07-27,7,7
T021,Voicemails for Isabelle,Films,FR,2026-08-02,2026-07-27,7,7
T021,Voicemails for Isabelle,Films,IT,2026-08-02,2026-07-27,10,5
T022,Oasis,TV,IT,2026-08-02,2026-07-27,7,7
T022,Oasis,TV,FR,2026-08-02,2026-07-27,9,7
T023,Little House on the Prairie,TV,DE,2026-08-02,2026-07-27,10,4
T025,Teach You a Lesson,TV,KR,2026-08-02,2026-07-27,8,9
T027,My Daughter's Father,TV,DE,2026-08-02,2026-07-27,7,2
T027,My Daughter's Father,TV,IT,2026-08-02,2026-07-27,2,2
T027,My Daughter's Father,TV,FR,2026-08-02,2026-07-27,3,2
T027,My Daughter's Father,TV,BR,2026-08-02,2026-07-27,4,2
T028,The Bombing of Pan Am 103,TV,FR,2026-08-02,2026-07-27,6,1
T028,The Bombing of Pan Am 103,TV,DE,2026-08-02,2026-07-27,5,1
T028,The Bombing of Pan Am 103,TV,IT,2026-08-02,2026-07-27,3,1
T029,The Idaho Murders: College Nightmare,TV,FR,2026-08-02,2026-07-27,2,1
T029,The Idaho Murders: College Nightmare,TV,IT,2026-08-02,2026-07-27,4,1
T029,The Idaho Murders: College Nightmare,TV,BR,2026-08-02,2026-07-27,5,1
T029,The Idaho Murders: College Nightmare,TV,DE,2026-08-02,2026-07-27,2,1
T030,Ransom Canyon,TV,IT,2026-08-02,2026-07-27,6,5
T030,Ransom Canyon,TV,BR,2026-08-02,2026-07-27,7,2
T030,Ransom Canyon,TV,FR,2026-08-02,2026-07-27,5,2
T030,Ransom Canyon,TV,DE,2026-08-02,2026-07-27,4,5
T034,The Truthers,Films,FR,2026-08-02,2026-07-27,4,2
T034,The Truthers,Films,IT,2026-08-02,2026-07-27,3,2
T034,The Truthers,Films,BR,2026-08-02,2026-07-27,6,2
T034,The Truthers,Films,DE,2026-08-02,2026-07-27,3,2
T035,Wrath,TV,IT,2026-08-02,2026-07-27,8,1
T035,Wrath,TV,FR,2026-08-02,2026-07-27,7,1
T035,Wrath,TV,BR,2026-08-02,2026-07-27,3,1
T036,Spider-Man: Far from Home,Films,KR,2026-08-02,2026-07-27,7,5
T036,Spider-Man: Far from Home,Films,IT,2026-08-02,2026-07-27,7,1
T039,The East Palace,TV,KR,2026-08-02,2026-07-27,1,3
T042,The Map of Longing,TV,IT,2026-08-02,2026-07-27,9,3
T042,The Map of Longing,TV,FR,2026-08-02,2026-07-27,10,2
T054,Spooky in Love,TV,JP,2026-08-02,2026-07-27,10,1
T054,Spooky in Love,TV,BR,2026-08-02,2026-07-27,8,3
T054,Spooky in Love,TV,KR,2026-08-02,2026-07-27,3,3
T055,The Beekeeper,Films,KR,2026-08-02,2026-07-27,6,4
T056,Spider-Man: Homecoming,Films,JP,2026-08-02,2026-07-27,9,1
T056,Spider-Man: Homecoming,Films,KR,2026-08-02,2026-07-27,4,4
T061,A Toxic Love Story,Films,FR,2026-08-02,2026-07-27,8,2
T061,A Toxic Love Story,Films,IT,2026-08-02,2026-07-27,9,2
T061,A Toxic Love Story,Films,DE,2026-08-02,2026-07-27,4,2
T075,Smoking Behind the Supermarket With You,TV,JP,2026-08-02,2026-07-27,9,3
T075,Smoking Behind the Supermarket With You,TV,KR,2026-08-02,2026-07-27,10,2
T076,Human Vapor,TV,JP,2026-08-02,2026-07-27,6,5
T077,Husbands in Action,Films,KR,2026-08-02,2026-07-27,10,7
T079,Despicable Me 4,Films,BR,2026-08-02,2026-07-27,9,9
T079,Despicable Me 4,Films,JP,2026-08-02,2026-07-27,10,5
T081,Sniper: No Nation,Films,DE,2026-08-02,2026-07-27,10,3
T098,Max,Films,JP,2026-08-02,2026-07-27,7,1
T099,War Machine,Films,DE,2026-08-02,2026-07-27,5,7
T099,War Machine,Films,FR,2026-08-02,2026-07-27,10,5
T114,Until the T-shirt Dries,TV,JP,2026-08-02,2026-07-27,1,4
T115,Vivant,TV,JP,2026-08-02,2026-07-27,2,9
T116,The Mentalist,TV,BR,2026-08-02,2026-07-27,9,5
T117,Mushoku Tensei: Jobless Reincarnation,TV,JP,2026-08-02,2026-07-27,8,4
T118,GATE24:The Border,TV,JP,2026-08-02,2026-07-27,3,2
T119,My Name Is Farah,TV,BR,2026-08-02,2026-07-27,2,1
T120,Demon Slayer: Kimetsu no Yaiba Infinity Castle I,Films,KR,2026-08-02,2026-07-27,1,1
T122,SUZUKI=BAKUDAN,Films,JP,2026-08-02,2026-07-27,8,18
T123,The Apartment Job,TV,KR,2026-08-02,2026-07-27,4,4
T125,Crayon Shinchan the Movie: Super Hot! The Spicy Kasukabe Dancers,Films,JP,2026-08-02,2026-07-27,1,1
T126,Kaulitz & Kaulitz,TV,DE,2026-08-02,2026-07-27,1,2
T127,Wild Sing,Films,KR,2026-08-02,2026-07-27,2,1
T128,Buen Camino,Films,IT,2026-08-02,2026-07-27,8,10
T129,Swapped,Films,BR,2026-08-02,2026-07-27,10,13
T131,Better Late Than Single,TV,KR,2026-08-02,2026-07-27,6,4
T136,The Rookie,TV,DE,2026-08-02,2026-07-27,8,4
T143,Kingdom: Return of The Great General,Films,JP,2026-08-02,2026-07-27,6,7
T148,The Convenience Store,Films,JP,2026-08-02,2026-07-27,2,2
T149,GTO (2026),TV,JP,2026-08-02,2026-07-27,4,2
T163,The Psychopath I Met,TV,KR,2026-08-02,2026-07-27,9,3
T176,Paulette,Films,FR,2026-08-02,2026-07-27,3,1
T190,Take Shelter,Films,BR,2026-08-02,2026-07-27,3,1
T194,Fast Charlie,Films,BR,2026-08-02,2026-07-27,5,1
T199,Better Late Than Single: After Service,TV,KR,2026-08-02,2026-07-27,5,1
T200,Hindsight,Films,KR,2026-08-02,2026-07-27,5,1
T207,Elize Matsunaga: Once Upon a Crime,TV,BR,2026-08-02,2026-07-27,6,6
T212,The Uninvited,Films,DE,2026-08-02,2026-07-27,6,1
T213,Agent Kim Reactivated – the Universe,TV,KR,2026-08-02,2026-07-27,7,1
T227,Roofman,Films,KR,2026-08-02,2026-07-27,9,1
T270,Drop,Films,FR,2026-08-02,2026-07-27,5,1
T271,Hero Without a Class: Who Even Needs Skills?!,TV,JP,2026-08-02,2026-07-27,5,1
T274,Someone Like You,Films,IT,2026-08-02,2026-07-27,5,1
T299,Fear,Films,BR,2026-08-02,2026-07-27,7,1
T001,Agent Kim Reactivated,TV,FR,2026-08-09,2026-08-03,10,7
T001,Agent Kim Reactivated,TV,KR,2026-08-09,2026-08-03,7,7
T002,The Last House,Films,KR,2026-08-09,2026-08-03,4,1
T002,The Last House,Films,BR,2026-08-09,2026-08-03,1,1
T002,The Last House,Films,DE,2026-08-09,2026-08-03,1,1
T002,The Last House,Films,FR,2026-08-09,2026-08-03,1,1
T002,The Last House,Films,JP,2026-08-09,2026-08-03,2,1
T002,The Last House,Films,IT,2026-08-09,2026-08-03,1,1
T004,Elize: Shadows of a Woman,Films,FR,2026-08-09,2026-08-03,5,3
T004,Elize: Shadows of a Woman,Films,IT,2026-08-09,2026-08-03,3,3
T004,Elize: Shadows of a Woman,Films,BR,2026-08-09,2026-08-03,2,3
T004,Elize: Shadows of a Woman,Films,DE,2026-08-09,2026-08-03,6,3
T009,I Will Find You,TV,IT,2026-08-09,2026-08-03,4,8
T009,I Will Find You,TV,FR,2026-08-09,2026-08-03,6,8
T009,I Will Find You,TV,DE,2026-08-09,2026-08-03,7,8
T010,72 HOURS,Films,DE,2026-08-09,2026-08-03,2,3
T010,72 HOURS,Films,BR,2026-08-09,2026-08-03,3,3
T010,72 HOURS,Films,FR,2026-08-09,2026-08-03,6,3
T010,72 HOURS,Films,IT,2026-08-09,2026-08-03,2,3
T012,Elite Force,TV,IT,2026-08-09,2026-08-03,7,3
T012,Elite Force,TV,FR,2026-08-09,2026-08-03,2,3
T012,Elite Force,TV,DE,2026-08-09,2026-08-03,6,3
T014,Our Sticky Love,TV,KR,2026-08-09,2026-08-03,2,1
T014,Our Sticky Love,TV,BR,2026-08-09,2026-08-03,4,1
T015,The Debt Collector,Films,BR,2026-08-09,2026-08-03,8,3
T017,My Life With the Walter Boys,TV,FR,2026-08-09,2026-08-03,1,1
T017,My Life With the Walter Boys,TV,BR,2026-08-09,2026-08-03,3,1
T017,My Life With the Walter Boys,TV,DE,2026-08-09,2026-08-03,1,1
T017,My Life With the Walter Boys,TV,IT,2026-08-09,2026-08-03,1,1
T022,Oasis,TV,FR,2026-08-09,2026-08-03,9,8
T022,Oasis,TV,IT,2026-08-09,2026-08-03,6,8
T027,My Daughter's Father,TV,BR,2026-08-09,2026-08-03,9,3
T027,My Daughter's Father,TV,FR,2026-08-09,2026-08-03,7,3
T027,My Daughter's Father,TV,IT,2026-08-09,2026-08-03,8,3
T028,The Bombing of Pan Am 103,TV,IT,2026-08-09,2026-08-03,2,2
T028,The Bombing of Pan Am 103,TV,DE,2026-08-09,2026-08-03,4,2
T028,The Bombing of Pan Am 103,TV,BR,2026-08-09,2026-08-03,5,1
T028,The Bombing of Pan Am 103,TV,FR,2026-08-09,2026-08-03,3,2
T029,The Idaho Murders: College Nightmare,TV,DE,2026-08-09,2026-08-03,2,2
T029,The Idaho Murders: College Nightmare,TV,BR,2026-08-09,2026-08-03,6,2
T029,The Idaho Murders: College Nightmare,TV,FR,2026-08-09,2026-08-03,4,2
T029,The Idaho Murders: College Nightmare,TV,IT,2026-08-09,2026-08-03,5,2
T030,Ransom Canyon,TV,DE,2026-08-09,2026-08-03,8,3
T030,Ransom Canyon,TV,IT,2026-08-09,2026-08-03,9,3
T030,Ransom Canyon,TV,FR,2026-08-09,2026-08-03,8,3
T034,The Truthers,Films,DE,2026-08-09,2026-08-03,10,3
T034,The Truthers,Films,IT,2026-08-09,2026-08-03,6,3
T035,Wrath,TV,IT,2026-08-09,2026-08-03,3,2
T035,Wrath,TV,DE,2026-08-09,2026-08-03,10,1
T035,Wrath,TV,FR,2026-08-09,2026-08-03,5,2
T035,Wrath,TV,BR,2026-08-09,2026-08-03,1,2
T036,Spider-Man: Far from Home,Films,FR,2026-08-09,2026-08-03,10,4
T036,Spider-Man: Far from Home,Films,KR,2026-08-09,2026-08-03,5,6
T036,Spider-Man: Far from Home,Films,IT,2026-08-09,2026-08-03,5,2
T036,Spider-Man: Far from Home,Films,BR,2026-08-09,2026-08-03,5,3
T039,The East Palace,TV,KR,2026-08-09,2026-08-03,6,4
T054,Spooky in Love,TV,JP,2026-08-09,2026-08-03,9,2
T054,Spooky in Love,TV,BR,2026-08-09,2026-08-03,7,4
T054,Spooky in Love,TV,KR,2026-08-09,2026-08-03,3,4
T055,The Beekeeper,Films,KR,2026-08-09,2026-08-03,8,5
T056,Spider-Man: Homecoming,Films,JP,2026-08-09,2026-08-03,6,2
T056,Spider-Man: Homecoming,Films,KR,2026-08-09,2026-08-03,3,5
T056,Spider-Man: Homecoming,Films,FR,2026-08-09,2026-08-03,9,4
T074,Badly in Love,TV,JP,2026-08-09,2026-08-03,1,1
T074,Badly in Love,TV,KR,2026-08-09,2026-08-03,4,1
T075,Smoking Behind the Supermarket With You,TV,JP,2026-08-09,2026-08-03,6,4
T076,Human Vapor,TV,JP,2026-08-09,2026-08-03,7,6
T077,Husbands in Action,Films,KR,2026-08-09,2026-08-03,7,8
T079,Despicable Me 4,Films,BR,2026-08-09,2026-08-03,9,10
T090,Meg 2: The Trench,Films,FR,2026-08-09,2026-08-03,4,1
T096,Dragon Wars,Films,DE,2026-08-09,2026-08-03,5,1
T096,Dragon Wars,Films,IT,2026-08-09,2026-08-03,8,1
T098,Max,Films,JP,2026-08-09,2026-08-03,5,2
T098,Max,Films,KR,2026-08-09,2026-08-03,6,1
T099,War Machine,Films,DE,2026-08-09,2026-08-03,9,8
T114,Until the T-shirt Dries,TV,JP,2026-08-09,2026-08-03,2,5
T115,Vivant,TV,JP,2026-08-09,2026-08-03,3,10
T116,The Mentalist,TV,BR,2026-08-09,2026-08-03,8,6
T117,Mushoku Tensei: Jobless Reincarnation,TV,JP,2026-08-09,2026-08-03,5,5
T118,GATE24:The Border,TV,JP,2026-08-09,2026-08-03,4,3
T119,My Name Is Farah,TV,BR,2026-08-09,2026-08-03,2,2
T120,Demon Slayer: Kimetsu no Yaiba Infinity Castle I,Films,KR,2026-08-09,2026-08-03,2,2
T121,I am Solo,TV,KR,2026-08-09,2026-08-03,1,1
T123,The Apartment Job,TV,KR,2026-08-09,2026-08-03,5,5
T125,Crayon Shinchan the Movie: Super Hot! The Spicy Kasukabe Dancers,Films,JP,2026-08-09,2026-08-03,1,2
T126,Kaulitz & Kaulitz,TV,DE,2026-08-09,2026-08-03,3,3
T127,Wild Sing,Films,KR,2026-08-09,2026-08-03,1,2
T128,Buen Camino,Films,IT,2026-08-09,2026-08-03,7,11
T129,Swapped,Films,BR,2026-08-09,2026-08-03,10,14
T141,25 Years of You,TV,JP,2026-08-09,2026-08-03,10,2
T148,The Convenience Store,Films,JP,2026-08-09,2026-08-03,10,3
T149,GTO (2026),TV,JP,2026-08-09,2026-08-03,8,3
T154,Charlie and the Chocolate Factory,Films,BR,2026-08-09,2026-08-03,7,1
T162,Murder in a Small Town,TV,DE,2026-08-09,2026-08-03,5,1
T176,Paulette,Films,FR,2026-08-09,2026-08-03,2,2
T186,Doctor-X the Movie,Films,JP,2026-08-09,2026-08-03,3,1
T190,Take Shelter,Films,BR,2026-08-09,2026-08-03,6,2
T194,Fast Charlie,Films,BR,2026-08-09,2026-08-03,4,2
T199,Better Late Than Single: After Service,TV,KR,2026-08-09,2026-08-03,9,2
T200,Hindsight,Films,KR,2026-08-09,2026-08-03,10,2
T204,Say Cheese,Films,FR,2026-08-09,2026-08-03,7,1
T207,Elize Matsunaga: Once Upon a Crime,TV,BR,2026-08-09,2026-08-03,10,7
T212,The Uninvited,Films,DE,2026-08-09,2026-08-03,7,2
T213,Agent Kim Reactivated – the Universe,TV,KR,2026-08-09,2026-08-03,10,2
T227,Roofman,Films,KR,2026-08-09,2026-08-03,9,2
T245,Momo,Films,DE,2026-08-09,2026-08-03,3,1
T247,Turbulence,Films,FR,2026-08-09,2026-08-03,3,1
T257,Juror #2,Films,DE,2026-08-09,2026-08-03,4,1
T259,On Summer Sand,Films,JP,2026-08-09,2026-08-03,4,1
T264,Ricomincio da TAAAC,Films,IT,2026-08-09,2026-08-03,4,1
T305,Purehearted,Films,JP,2026-08-09,2026-08-03,7,1
T311,Dancing On,Films,FR,2026-08-09,2026-08-03,8,1
T312,Evil Dead Rise,Films,DE,2026-08-09,2026-08-03,8,1
T322,Rookie Kim’s Stock Market Mission,TV,KR,2026-08-09,2026-08-03,8,1
T324,Silent Night,Films,JP,2026-08-09,2026-08-03,8,1
T336,Blade of the Immortal,Films,JP,2026-08-09,2026-08-03,9,1
T353,She's Out of My League,Films,IT,2026-08-09,2026-08-03,9,3
T370,Something's Gotta Give,Films,IT,2026-08-09,2026-08-03,10,1
T376,WWE SummerSlam,TV,IT,2026-08-09,2026-08-03,10,1
T001,Agent Kim Reactivated,TV,KR,2026-08-16,2026-08-10,9,8
T002,The Last House,Films,BR,2026-08-16,2026-08-10,2,2
T002,The Last House,Films,IT,2026-08-16,2026-08-10,2,2
T002,The Last House,Films,DE,2026-08-16,2026-08-10,1,2
T002,The Last House,Films,KR,2026-08-16,2026-08-10,1,2
T002,The Last House,Films,FR,2026-08-16,2026-08-10,1,2
T002,The Last House,Films,JP,2026-08-16,2026-08-10,1,2
T004,Elize: Shadows of a Woman,Films,IT,2026-08-16,2026-08-10,8,4
T004,Elize: Shadows of a Woman,Films,FR,2026-08-16,2026-08-10,8,4
T004,Elize: Shadows of a Woman,Films,BR,2026-08-16,2026-08-10,5,4
T009,I Will Find You,TV,FR,2026-08-16,2026-08-10,5,9
T009,I Will Find You,TV,IT,2026-08-16,2026-08-10,5,9
T009,I Will Find You,TV,DE,2026-08-16,2026-08-10,8,9
T010,72 HOURS,Films,FR,2026-08-16,2026-08-10,9,4
T010,72 HOURS,Films,BR,2026-08-16,2026-08-10,10,4
T010,72 HOURS,Films,IT,2026-08-16,2026-08-10,7,4
T010,72 HOURS,Films,DE,2026-08-16,2026-08-10,4,4
T012,Elite Force,TV,FR,2026-08-16,2026-08-10,2,4
T014,Our Sticky Love,TV,FR,2026-08-16,2026-08-10,7,1
T014,Our Sticky Love,TV,KR,2026-08-16,2026-08-10,1,2
T014,Our Sticky Love,TV,IT,2026-08-16,2026-08-10,6,1
T014,Our Sticky Love,TV,JP,2026-08-16,2026-08-10,3,1
T014,Our Sticky Love,TV,BR,2026-08-16,2026-08-10,1,2
T017,My Life With the Walter Boys,TV,FR,2026-08-16,2026-08-10,1,2
T017,My Life With the Walter Boys,TV,IT,2026-08-16,2026-08-10,1,11
T017,My Life With the Walter Boys,TV,DE,2026-08-16,2026-08-10,1,2
T017,My Life With the Walter Boys,TV,BR,2026-08-16,2026-08-10,2,2
T022,Oasis,TV,IT,2026-08-16,2026-08-10,8,9
T028,The Bombing of Pan Am 103,TV,DE,2026-08-16,2026-08-10,5,3
T028,The Bombing of Pan Am 103,TV,FR,2026-08-16,2026-08-10,6,3
T028,The Bombing of Pan Am 103,TV,IT,2026-08-16,2026-08-10,4,3
T029,The Idaho Murders: College Nightmare,TV,DE,2026-08-16,2026-08-10,4,3
T029,The Idaho Murders: College Nightmare,TV,FR,2026-08-16,2026-08-10,10,3
T033,My Brilliant Career,TV,BR,2026-08-16,2026-08-10,8,1
T033,My Brilliant Career,TV,DE,2026-08-16,2026-08-10,7,1
T033,My Brilliant Career,TV,IT,2026-08-16,2026-08-10,2,1
T033,My Brilliant Career,TV,FR,2026-08-16,2026-08-10,4,1
T035,Wrath,TV,BR,2026-08-16,2026-08-10,4,3
T035,Wrath,TV,IT,2026-08-16,2026-08-10,10,3
T036,Spider-Man: Far from Home,Films,BR,2026-08-16,2026-08-10,7,4
T036,Spider-Man: Far from Home,Films,KR,2026-08-16,2026-08-10,6,7
T039,The East Palace,TV,KR,2026-08-16,2026-08-10,8,5
T041,Nando Between Two Worlds - A Sintonia Film,Films,FR,2026-08-16,2026-08-10,3,1
T041,Nando Between Two Worlds - A Sintonia Film,Films,BR,2026-08-16,2026-08-10,1,1
T041,Nando Between Two Worlds - A Sintonia Film,Films,DE,2026-08-16,2026-08-10,5,1
T041,Nando Between Two Worlds - A Sintonia Film,Films,IT,2026-08-16,2026-08-10,4,1
T046,Don't Say Good Luck,Films,BR,2026-08-16,2026-08-10,8,1
T046,Don't Say Good Luck,Films,DE,2026-08-16,2026-08-10,8,1
T047,Extinction,Films,JP,2026-08-16,2026-08-10,3,1
T047,Extinction,Films,BR,2026-08-16,2026-08-10,4,1
T047,Extinction,Films,IT,2026-08-16,2026-08-10,3,1
T047,Extinction,Films,KR,2026-08-16,2026-08-10,3,1
T054,Spooky in Love,TV,KR,2026-08-16,2026-08-10,6,5
T054,Spooky in Love,TV,BR,2026-08-16,2026-08-10,6,5
T055,The Beekeeper,Films,IT,2026-08-16,2026-08-10,1,1
T055,The Beekeeper,Films,KR,2026-08-16,2026-08-10,9,6
T056,Spider-Man: Homecoming,Films,JP,2026-08-16,2026-08-10,7,3
T056,Spider-Man: Homecoming,Films,KR,2026-08-16,2026-08-10,5,6
T056,Spider-Man: Homecoming,Films,FR,2026-08-16,2026-08-10,10,5
T060,Conversations with a Killer: The Charles Manson Tapes,TV,IT,2026-08-16,2026-08-10,7,1
T060,Conversations with a Killer: The Charles Manson Tapes,TV,DE,2026-08-16,2026-08-10,2,1
T060,Conversations with a Killer: The Charles Manson Tapes,TV,FR,2026-08-16,2026-08-10,3,1
T062,MOURINHO,TV,FR,2026-08-16,2026-08-10,8,1
T062,MOURINHO,TV,DE,2026-08-16,2026-08-10,9,1
T062,MOURINHO,TV,IT,2026-08-16,2026-08-10,3,1
T071,What a Girl Wants,Films,BR,2026-08-16,2026-08-10,6,1
T071,What a Girl Wants,Films,IT,2026-08-16,2026-08-10,6,1
T071,What a Girl Wants,Films,FR,2026-08-16,2026-08-10,6,1
T072,Robin Hood,Films,IT,2026-08-16,2026-08-10,10,1
T072,Robin Hood,Films,DE,2026-08-16,2026-08-10,7,2
T072,Robin Hood,Films,BR,2026-08-16,2026-08-10,9,1
T074,Badly in Love,TV,JP,2026-08-16,2026-08-10,1,2
T074,Badly in Love,TV,KR,2026-08-16,2026-08-10,4,2
T075,Smoking Behind the Supermarket With You,TV,JP,2026-08-16,2026-08-10,8,5
T076,Human Vapor,TV,JP,2026-08-16,2026-08-10,7,7
T077,Husbands in Action,Films,KR,2026-08-16,2026-08-10,10,9
T079,Despicable Me 4,Films,JP,2026-08-16,2026-08-10,5,6
T083,"My Best Friend, His Girlfriend and Me",Films,DE,2026-08-16,2026-08-10,2,1
T094,Umthetho,TV,BR,2026-08-16,2026-08-10,7,1
T095,Breaking In,Films,DE,2026-08-16,2026-08-10,6,1
T096,Dragon Wars,Films,DE,2026-08-16,2026-08-10,10,2
T105,Edge of Tomorrow,Films,KR,2026-08-16,2026-08-10,7,1
T105,Edge of Tomorrow,Films,IT,2026-08-16,2026-08-10,5,1
T112,Operation Safed Sagar: The Highest Air Force Mission,TV,FR,2026-08-16,2026-08-10,9,1
T112,Operation Safed Sagar: The Highest Air Force Mission,TV,BR,2026-08-16,2026-08-10,9,1
T114,Until the T-shirt Dries,TV,JP,2026-08-16,2026-08-10,2,6
T115,Vivant,TV,JP,2026-08-16,2026-08-10,4,11
T116,The Mentalist,TV,BR,2026-08-16,2026-08-10,5,7
T117,Mushoku Tensei: Jobless Reincarnation,TV,JP,2026-08-16,2026-08-10,10,6
T118,GATE24:The Border,TV,JP,2026-08-16,2026-08-10,5,4
T119,My Name Is Farah,TV,BR,2026-08-16,2026-08-10,3,3
T120,Demon Slayer: Kimetsu no Yaiba Infinity Castle I,Films,KR,2026-08-16,2026-08-10,4,3
T121,I am Solo,TV,KR,2026-08-16,2026-08-10,2,2
T122,SUZUKI=BAKUDAN,Films,JP,2026-08-16,2026-08-10,9,19
T123,The Apartment Job,TV,KR,2026-08-16,2026-08-10,3,6
T124,"I'm SOLO, Love goes on",TV,KR,2026-08-16,2026-08-10,5,1
T125,Crayon Shinchan the Movie: Super Hot! The Spicy Kasukabe Dancers,Films,JP,2026-08-16,2026-08-10,2,3
T126,Kaulitz & Kaulitz,TV,DE,2026-08-16,2026-08-10,3,4
T127,Wild Sing,Films,KR,2026-08-16,2026-08-10,2,3
T128,Buen Camino,Films,IT,2026-08-16,2026-08-10,9,12
T154,Charlie and the Chocolate Factory,Films,BR,2026-08-16,2026-08-10,3,2
T162,Murder in a Small Town,TV,DE,2026-08-16,2026-08-10,6,2
T185,Black Adam,Films,DE,2026-08-16,2026-08-10,3,1
T186,Doctor-X the Movie,Films,JP,2026-08-16,2026-08-10,4,2
T204,Say Cheese,Films,FR,2026-08-16,2026-08-10,5,2
T222,Till We Meet Again on the Lily Hill,Films,JP,2026-08-16,2026-08-10,10,2
T225,The Auditors,TV,KR,2026-08-16,2026-08-10,10,1
T230,Lottie Dottie Chicken,TV,BR,2026-08-16,2026-08-10,10,133
T242,The Snow Must Go On,Films,FR,2026-08-16,2026-08-10,2,1
T254,Gran Turismo: Based on a True Story,Films,FR,2026-08-16,2026-08-10,4,1
T282,Kim Ji-Young: Born 1982,Films,JP,2026-08-16,2026-08-10,6,1
T292,"The Strongest Job Is Apparently Not a Hero or a Sage, but an Appraiser (Provisional)!",TV,JP,2026-08-16,2026-08-10,6,1
T308,The Wolf and the Lion,Films,FR,2026-08-16,2026-08-10,7,1
T309,Whenever Possible,TV,KR,2026-08-16,2026-08-10,7,1
T310,Christmas Carol,Films,KR,2026-08-16,2026-08-10,8,4
T326,THE RIBBON HERO,Films,JP,2026-08-16,2026-08-10,8,1
T331,A Child of My Own,Films,DE,2026-08-16,2026-08-10,9,1
T332,A Fading Summer,TV,JP,2026-08-16,2026-08-10,9,1
T002,The Last House,Films,JP,2026-08-23,2026-08-17,3,3
T002,The Last House,Films,KR,2026-08-23,2026-08-17,1,3
T002,The Last House,Films,DE,2026-08-23,2026-08-17,3,3
T002,The Last House,Films,IT,2026-08-23,2026-08-17,3,3
T002,The Last House,Films,BR,2026-08-23,2026-08-17,4,3
T002,The Last House,Films,FR,2026-08-23,2026-08-17,1,3
T006,Facing El Chapo,Films,BR,2026-08-23,2026-08-17,2,1
T006,Facing El Chapo,Films,DE,2026-08-23,2026-08-17,2,1
T006,Facing El Chapo,Films,FR,2026-08-23,2026-08-17,3,1
T006,Facing El Chapo,Films,KR,2026-08-23,2026-08-17,7,1
T006,Facing El Chapo,Films,IT,2026-08-23,2026-08-17,2,1
T006,Facing El Chapo,Films,JP,2026-08-23,2026-08-17,10,1
T009,I Will Find You,TV,DE,2026-08-23,2026-08-17,6,10
T009,I Will Find You,TV,IT,2026-08-23,2026-08-17,5,10
T009,I Will Find You,TV,FR,2026-08-23,2026-08-17,7,10
T010,72 HOURS,Films,DE,2026-08-23,2026-08-17,8,5
T010,72 HOURS,Films,IT,2026-08-23,2026-08-17,8,5
T012,Elite Force,TV,FR,2026-08-23,2026-08-17,5,5
T014,Our Sticky Love,TV,JP,2026-08-23,2026-08-17,6,2
T014,Our Sticky Love,TV,KR,2026-08-23,2026-08-17,2,3
T014,Our Sticky Love,TV,BR,2026-08-23,2026-08-17,5,3
T017,My Life With the Walter Boys,TV,DE,2026-08-23,2026-08-17,3,3
T017,My Life With the Walter Boys,TV,BR,2026-08-23,2026-08-17,8,3
T017,My Life With the Walter Boys,TV,FR,2026-08-23,2026-08-17,4,3
T017,My Life With the Walter Boys,TV,IT,2026-08-23,2026-08-17,4,3
T019,Blood Sacrifice,TV,DE,2026-08-23,2026-08-17,1,1
T019,Blood Sacrifice,TV,BR,2026-08-23,2026-08-17,2,1
T019,Blood Sacrifice,TV,IT,2026-08-23,2026-08-17,2,1
T019,Blood Sacrifice,TV,FR,2026-08-23,2026-08-17,2,1
T020,Outer Banks,TV,DE,2026-08-23,2026-08-17,2,1
T020,Outer Banks,TV,FR,2026-08-23,2026-08-17,1,1
T020,Outer Banks,TV,IT,2026-08-23,2026-08-17,1,1
T020,Outer Banks,TV,BR,2026-08-23,2026-08-17,1,1
T022,Oasis,TV,IT,2026-08-23,2026-08-17,7,10
T028,The Bombing of Pan Am 103,TV,IT,2026-08-23,2026-08-17,10,4
T029,The Idaho Murders: College Nightmare,TV,DE,2026-08-23,2026-08-17,9,4
T033,My Brilliant Career,TV,IT,2026-08-23,2026-08-17,3,2
T033,My Brilliant Career,TV,FR,2026-08-23,2026-08-17,3,2
T033,My Brilliant Career,TV,BR,2026-08-23,2026-08-17,7,2
T033,My Brilliant Career,TV,DE,2026-08-23,2026-08-17,4,2
T036,Spider-Man: Far from Home,Films,KR,2026-08-23,2026-08-17,5,8
T041,Nando Between Two Worlds - A Sintonia Film,Films,BR,2026-08-23,2026-08-17,3,2
T041,Nando Between Two Worlds - A Sintonia Film,Films,IT,2026-08-23,2026-08-17,10,2
T045,Seal Team,TV,BR,2026-08-23,2026-08-17,10,1
T045,Seal Team,TV,IT,2026-08-23,2026-08-17,8,1
T045,Seal Team,TV,DE,2026-08-23,2026-08-17,8,1
T045,Seal Team,TV,FR,2026-08-23,2026-08-17,8,1
T046,Don't Say Good Luck,Films,IT,2026-08-23,2026-08-17,4,1
T046,Don't Say Good Luck,Films,FR,2026-08-23,2026-08-17,8,1
T046,Don't Say Good Luck,Films,DE,2026-08-23,2026-08-17,4,2
T046,Don't Say Good Luck,Films,BR,2026-08-23,2026-08-17,5,2
T047,Extinction,Films,KR,2026-08-23,2026-08-17,6,2
T054,Spooky in Love,TV,KR,2026-08-23,2026-08-17,4,6
T054,Spooky in Love,TV,JP,2026-08-23,2026-08-17,9,3
T054,Spooky in Love,TV,BR,2026-08-23,2026-08-17,9,6
T055,The Beekeeper,Films,KR,2026-08-23,2026-08-17,8,7
T055,The Beekeeper,Films,IT,2026-08-23,2026-08-17,1,2
T056,Spider-Man: Homecoming,Films,KR,2026-08-23,2026-08-17,4,7
T060,Conversations with a Killer: The Charles Manson Tapes,TV,FR,2026-08-23,2026-08-17,9,2
T060,Conversations with a Killer: The Charles Manson Tapes,TV,IT,2026-08-23,2026-08-17,9,2
T060,Conversations with a Killer: The Charles Manson Tapes,TV,DE,2026-08-23,2026-08-17,5,2
T062,MOURINHO,TV,IT,2026-08-23,2026-08-17,6,2
T062,MOURINHO,TV,FR,2026-08-23,2026-08-17,10,2
T069,To the Max,Films,DE,2026-08-23,2026-08-17,7,1
T069,To the Max,Films,FR,2026-08-23,2026-08-17,5,1
T069,To the Max,Films,IT,2026-08-23,2026-08-17,5,1
T074,Badly in Love,TV,KR,2026-08-23,2026-08-17,7,3
T074,Badly in Love,TV,JP,2026-08-23,2026-08-17,1,3
T075,Smoking Behind the Supermarket With You,TV,JP,2026-08-23,2026-08-17,7,6
T079,Despicable Me 4,Films,JP,2026-08-23,2026-08-17,6,7
T083,"My Best Friend, His Girlfriend and Me",Films,IT,2026-08-23,2026-08-17,7,1
T083,"My Best Friend, His Girlfriend and Me",Films,DE,2026-08-23,2026-08-17,1,2
T094,Umthetho,TV,FR,2026-08-23,2026-08-17,6,1
T094,Umthetho,TV,BR,2026-08-23,2026-08-17,3,2
T095,Breaking In,Films,DE,2026-08-23,2026-08-17,5,2
T095,Breaking In,Films,JP,2026-08-23,2026-08-17,9,1
T106,Daddy’s in Trouble,Films,FR,2026-08-23,2026-08-17,9,1
T106,Daddy’s in Trouble,Films,IT,2026-08-23,2026-08-17,6,1
T114,Until the T-shirt Dries,TV,JP,2026-08-23,2026-08-17,2,7
T115,Vivant,TV,JP,2026-08-23,2026-08-17,4,12
T116,The Mentalist,TV,BR,2026-08-23,2026-08-17,6,8
T117,Mushoku Tensei: Jobless Reincarnation,TV,JP,2026-08-23,2026-08-17,10,7
T118,GATE24:The Border,TV,JP,2026-08-23,2026-08-17,5,5
T119,My Name Is Farah,TV,BR,2026-08-23,2026-08-17,4,4
T120,Demon Slayer: Kimetsu no Yaiba Infinity Castle I,Films,KR,2026-08-23,2026-08-17,3,4
T121,I am Solo,TV,KR,2026-08-23,2026-08-17,1,3
T122,SUZUKI=BAKUDAN,Films,JP,2026-08-23,2026-08-17,8,20
T123,The Apartment Job,TV,KR,2026-08-23,2026-08-17,3,7
T124,"I'm SOLO, Love goes on",TV,KR,2026-08-23,2026-08-17,6,2
T125,Crayon Shinchan the Movie: Super Hot! The Spicy Kasukabe Dancers,Films,JP,2026-08-23,2026-08-17,5,4
T126,Kaulitz & Kaulitz,TV,DE,2026-08-23,2026-08-17,7,5
T127,Wild Sing,Films,KR,2026-08-23,2026-08-17,2,4
T128,Buen Camino,Films,IT,2026-08-23,2026-08-17,9,13
T133,Your Honor,TV,KR,2026-08-23,2026-08-17,9,1
T140,Take a Hike!,TV,KR,2026-08-23,2026-08-17,5,1
T146,Sai: Disaster,Films,JP,2026-08-23,2026-08-17,1,1
T154,Charlie and the Chocolate Factory,Films,BR,2026-08-23,2026-08-17,6,3
T155,S&X,TV,JP,2026-08-23,2026-08-17,3,1
T156,Sai,TV,JP,2026-08-23,2026-08-17,8,1
T162,Murder in a Small Town,TV,DE,2026-08-23,2026-08-17,10,3
T170,The Wave,Films,BR,2026-08-23,2026-08-17,1,1
T179,Serial Driver,Films,FR,2026-08-23,2026-08-17,2,1
T185,Black Adam,Films,DE,2026-08-23,2026-08-17,6,2
T193,Anpanman: Chapon's Hero!,Films,JP,2026-08-23,2026-08-17,4,1
T206,The Morning After,Films,FR,2026-08-23,2026-08-17,7,1
T222,Till We Meet Again on the Lily Hill,Films,JP,2026-08-23,2026-08-17,7,3
T225,The Auditors,TV,KR,2026-08-23,2026-08-17,8,2
T226,Oh My Goodness!,Films,FR,2026-08-23,2026-08-17,10,1
T240,Petals and Memories,Films,JP,2026-08-23,2026-08-17,2,1
T251,Blue Beetle,Films,FR,2026-08-23,2026-08-17,4,1
T283,Love Hurts,Films,FR,2026-08-23,2026-08-17,6,1
T296,A Cinderella Story,Films,BR,2026-08-23,2026-08-17,7,1
T313,Here the Whole Time,Films,BR,2026-08-23,2026-08-17,8,1
T337,Collateral Damage,Films,BR,2026-08-23,2026-08-17,9,1
T338,Cradle 2 the Grave,Films,KR,2026-08-23,2026-08-17,9,1
T342,Freefall: A Reckoning for Boeing,Films,DE,2026-08-23,2026-08-17,9,1
T363,Bastarden,Films,DE,2026-08-23,2026-08-17,10,1
T367,My AI Partner - Strange Love,TV,KR,2026-08-23,2026-08-17,10,1
T371,Suicide Squad,Films,KR,2026-08-23,2026-08-17,10,3
T377,Wicked,Films,BR,2026-08-23,2026-08-17,10,1
T002,The Last House,Films,JP,2026-08-30,2026-08-24,8,4
T002,The Last House,Films,BR,2026-08-30,2026-08-24,10,4
T002,The Last House,Films,FR,2026-08-30,2026-08-24,8,4
T002,The Last House,Films,IT,2026-08-30,2026-08-24,8,4
T002,The Last House,Films,DE,2026-08-30,2026-08-24,7,4
T002,The Last House,Films,KR,2026-08-30,2026-08-24,8,4
T003,The Whisper Man,Films,DE,2026-08-30,2026-08-24,2,1
T003,The Whisper Man,Films,BR,2026-08-30,2026-08-24,2,1
T003,The Whisper Man,Films,KR,2026-08-30,2026-08-24,5,1
T003,The Whisper Man,Films,JP,2026-08-30,2026-08-24,6,1
T003,The Whisper Man,Films,IT,2026-08-30,2026-08-24,2,1
T003,The Whisper Man,Films,FR,2026-08-30,2026-08-24,2,1
T006,Facing El Chapo,Films,KR,2026-08-30,2026-08-24,4,2
T006,Facing El Chapo,Films,FR,2026-08-30,2026-08-24,3,2
T006,Facing El Chapo,Films,BR,2026-08-30,2026-08-24,3,2
T006,Facing El Chapo,Films,DE,2026-08-30,2026-08-24,4,2
T006,Facing El Chapo,Films,JP,2026-08-30,2026-08-24,4,2
T006,Facing El Chapo,Films,IT,2026-08-30,2026-08-24,3,2
T007,Grand Theft Auto VI: An Extended Look,Films,BR,2026-08-30,2026-08-24,1,1
T007,Grand Theft Auto VI: An Extended Look,Films,JP,2026-08-30,2026-08-24,2,1
T007,Grand Theft Auto VI: An Extended Look,Films,DE,2026-08-30,2026-08-24,1,1
T007,Grand Theft Auto VI: An Extended Look,Films,IT,2026-08-30,2026-08-24,1,1
T007,Grand Theft Auto VI: An Extended Look,Films,KR,2026-08-30,2026-08-24,2,1
T007,Grand Theft Auto VI: An Extended Look,Films,FR,2026-08-30,2026-08-24,1,1
T009,I Will Find You,TV,IT,2026-08-30,2026-08-24,8,11
T009,I Will Find You,TV,DE,2026-08-30,2026-08-24,8,11
T010,72 HOURS,Films,DE,2026-08-30,2026-08-24,9,6
T011,The Secret Woman,Films,BR,2026-08-30,2026-08-24,4,1
T011,The Secret Woman,Films,IT,2026-08-30,2026-08-24,5,1
T011,The Secret Woman,Films,DE,2026-08-30,2026-08-24,5,1
T011,The Secret Woman,Films,FR,2026-08-30,2026-08-24,4,1
T012,Elite Force,TV,FR,2026-08-30,2026-08-24,8,6
T014,Our Sticky Love,TV,KR,2026-08-30,2026-08-24,7,4
T014,Our Sticky Love,TV,BR,2026-08-30,2026-08-24,9,4
T017,My Life With the Walter Boys,TV,DE,2026-08-30,2026-08-24,6,4
T017,My Life With the Walter Boys,TV,FR,2026-08-30,2026-08-24,7,4
T017,My Life With the Walter Boys,TV,IT,2026-08-30,2026-08-24,4,4
T018,Salish & Jordan Matter,TV,FR,2026-08-30,2026-08-24,6,1
T018,Salish & Jordan Matter,TV,DE,2026-08-30,2026-08-24,5,1
T018,Salish & Jordan Matter,TV,BR,2026-08-30,2026-08-24,10,1
T018,Salish & Jordan Matter,TV,IT,2026-08-30,2026-08-24,5,1
T019,Blood Sacrifice,TV,DE,2026-08-30,2026-08-24,1,2
T019,Blood Sacrifice,TV,IT,2026-08-30,2026-08-24,1,2
T019,Blood Sacrifice,TV,FR,2026-08-30,2026-08-24,2,2
T019,Blood Sacrifice,TV,BR,2026-08-30,2026-08-24,1,2
T020,Outer Banks,TV,IT,2026-08-30,2026-08-24,2,7
T020,Outer Banks,TV,FR,2026-08-30,2026-08-24,3,2
T020,Outer Banks,TV,DE,2026-08-30,2026-08-24,3,10
T020,Outer Banks,TV,BR,2026-08-30,2026-08-24,3,2
T031,Beauty in Black,TV,DE,2026-08-30,2026-08-24,4,1
T031,Beauty in Black,TV,BR,2026-08-30,2026-08-24,2,1
T031,Beauty in Black,TV,IT,2026-08-30,2026-08-24,3,1
T031,Beauty in Black,TV,FR,2026-08-30,2026-08-24,4,1
T032,Death of the Pastor's Wife,TV,FR,2026-08-30,2026-08-24,5,1
T032,Death of the Pastor's Wife,TV,BR,2026-08-30,2026-08-24,5,1
T032,Death of the Pastor's Wife,TV,DE,2026-08-30,2026-08-24,2,1
T032,Death of the Pastor's Wife,TV,IT,2026-08-30,2026-08-24,7,1
T033,My Brilliant Career,TV,IT,2026-08-30,2026-08-24,6,3
T033,My Brilliant Career,TV,FR,2026-08-30,2026-08-24,9,3
T041,Nando Between Two Worlds - A Sintonia Film,Films,BR,2026-08-30,2026-08-24,8,3
T045,Seal Team,TV,IT,2026-08-30,2026-08-24,10,2
T045,Seal Team,TV,DE,2026-08-30,2026-08-24,7,2
T045,Seal Team,TV,FR,2026-08-30,2026-08-24,10,2
T054,Spooky in Love,TV,JP,2026-08-30,2026-08-24,8,4
T054,Spooky in Love,TV,KR,2026-08-30,2026-08-24,4,7
T055,The Beekeeper,Films,IT,2026-08-30,2026-08-24,9,3
T056,Spider-Man: Homecoming,Films,KR,2026-08-30,2026-08-24,10,8
T065,Sonic the Hedgehog 3,Films,JP,2026-08-30,2026-08-24,10,1
T074,Badly in Love,TV,JP,2026-08-30,2026-08-24,1,4
T074,Badly in Love,TV,KR,2026-08-30,2026-08-24,8,4
T075,Smoking Behind the Supermarket With You,TV,JP,2026-08-30,2026-08-24,7,7
T078,The Early Spring,TV,BR,2026-08-30,2026-08-24,4,1
T080,Mousetrap,TV,KR,2026-08-30,2026-08-24,1,1
T083,"My Best Friend, His Girlfriend and Me",Films,DE,2026-08-30,2026-08-24,8,3
T100,Companion,Films,DE,2026-08-30,2026-08-24,6,1
T107,Wifelike,Films,DE,2026-08-30,2026-08-24,10,1
T114,Until the T-shirt Dries,TV,JP,2026-08-30,2026-08-24,2,8
T115,Vivant,TV,JP,2026-08-30,2026-08-24,6,13
T116,The Mentalist,TV,BR,2026-08-30,2026-08-24,8,9
T117,Mushoku Tensei: Jobless Reincarnation,TV,JP,2026-08-30,2026-08-24,10,8
T118,GATE24:The Border,TV,JP,2026-08-30,2026-08-24,5,6
T119,My Name Is Farah,TV,BR,2026-08-30,2026-08-24,6,5
T120,Demon Slayer: Kimetsu no Yaiba Infinity Castle I,Films,KR,2026-08-30,2026-08-24,9,5
T121,I am Solo,TV,KR,2026-08-30,2026-08-24,3,4
T124,"I'm SOLO, Love goes on",TV,KR,2026-08-30,2026-08-24,6,3
T125,Crayon Shinchan the Movie: Super Hot! The Spicy Kasukabe Dancers,Films,JP,2026-08-30,2026-08-24,9,5
T127,Wild Sing,Films,KR,2026-08-30,2026-08-24,6,5
T128,Buen Camino,Films,IT,2026-08-30,2026-08-24,10,14
T130,Shelter,Films,KR,2026-08-30,2026-08-24,1,1
T132,"Four Hands, Two Sonatas",TV,KR,2026-08-30,2026-08-24,10,1
T133,Your Honor,TV,KR,2026-08-30,2026-08-24,2,2
T134,Choir of God: Anthem,Films,KR,2026-08-30,2026-08-24,3,1
T135,Regretting You,Films,DE,2026-08-30,2026-08-24,3,1
T138,My Secretary,TV,KR,2026-08-30,2026-08-24,9,1
T139,Shrek,Films,BR,2026-08-30,2026-08-24,7,5
T140,Take a Hike!,TV,KR,2026-08-30,2026-08-24,5,2
T144,Last Mile,Films,JP,2026-08-30,2026-08-24,3,1
T145,Rhythm + Flow France,TV,FR,2026-08-30,2026-08-24,1,1
T146,Sai: Disaster,Films,JP,2026-08-30,2026-08-24,1,2
T153,13 Minutes,Films,BR,2026-08-30,2026-08-24,5,1
T155,S&X,TV,JP,2026-08-30,2026-08-24,4,2
T156,Sai,TV,JP,2026-08-30,2026-08-24,3,2
T157,Stella gemella,Films,IT,2026-08-30,2026-08-24,6,1
T160,Mom Knows Best?,TV,BR,2026-08-30,2026-08-24,7,1
T165,Though I Am an Inept Villainess,TV,JP,2026-08-30,2026-08-24,9,1
T170,The Wave,Films,BR,2026-08-30,2026-08-24,9,2
T179,Serial Driver,Films,FR,2026-08-30,2026-08-24,10,2
T193,Anpanman: Chapon's Hero!,Films,JP,2026-08-30,2026-08-24,7,2
T196,L'Amore sta bene su tutto,Films,IT,2026-08-30,2026-08-24,4,1
T201,It Comes,Films,JP,2026-08-30,2026-08-24,5,3
T206,The Morning After,Films,FR,2026-08-30,2026-08-24,5,2
T226,Oh My Goodness!,Films,FR,2026-08-30,2026-08-24,9,2
T284,Mickey 17,Films,BR,2026-08-30,2026-08-24,6,1
T286,My Summer in Provence,Films,FR,2026-08-30,2026-08-24,6,1
T298,Colombiana,Films,FR,2026-08-30,2026-08-24,7,3
T304,No Other Choice Extended Edition,Films,KR,2026-08-30,2026-08-24,7,1
T306,The Heat,Films,IT,2026-08-30,2026-08-24,7,1
T346,Love Is Blind: UK,TV,DE,2026-08-30,2026-08-24,9,1
T002,The Last House,Films,IT,2026-09-06,2026-08-31,9,5
T003,The Whisper Man,Films,DE,2026-09-06,2026-08-31,1,2
T003,The Whisper Man,Films,JP,2026-09-06,2026-08-31,2,2
T003,The Whisper Man,Films,KR,2026-09-06,2026-08-31,2,2
T003,The Whisper Man,Films,IT,2026-09-06,2026-08-31,1,2
T003,The Whisper Man,Films,FR,2026-09-06,2026-08-31,1,2
T003,The Whisper Man,Films,BR,2026-09-06,2026-08-31,1,2
T006,Facing El Chapo,Films,BR,2026-09-06,2026-08-31,8,3
T006,Facing El Chapo,Films,IT,2026-09-06,2026-08-31,5,3
T006,Facing El Chapo,Films,DE,2026-09-06,2026-08-31,7,3
T006,Facing El Chapo,Films,FR,2026-09-06,2026-08-31,7,3
T007,Grand Theft Auto VI: An Extended Look,Films,FR,2026-09-06,2026-08-31,4,2
T007,Grand Theft Auto VI: An Extended Look,Films,DE,2026-09-06,2026-08-31,5,2
T007,Grand Theft Auto VI: An Extended Look,Films,IT,2026-09-06,2026-08-31,6,2
T008,Anacondas: Trail of Blood,Films,DE,2026-09-06,2026-08-31,9,1
T008,Anacondas: Trail of Blood,Films,FR,2026-09-06,2026-08-31,8,1
T008,Anacondas: Trail of Blood,Films,IT,2026-09-06,2026-08-31,7,1
T008,Anacondas: Trail of Blood,Films,JP,2026-09-06,2026-08-31,3,1
T008,Anacondas: Trail of Blood,Films,KR,2026-09-06,2026-08-31,5,1
T008,Anacondas: Trail of Blood,Films,BR,2026-09-06,2026-08-31,7,1
T011,The Secret Woman,Films,IT,2026-09-06,2026-08-31,2,2
T011,The Secret Woman,Films,FR,2026-09-06,2026-08-31,2,2
T011,The Secret Woman,Films,KR,2026-09-06,2026-08-31,4,1
T011,The Secret Woman,Films,BR,2026-09-06,2026-08-31,2,2
T011,The Secret Woman,Films,DE,2026-09-06,2026-08-31,2,2
T014,Our Sticky Love,TV,KR,2026-09-06,2026-08-31,10,5
T017,My Life With the Walter Boys,TV,FR,2026-09-06,2026-08-31,10,5
T017,My Life With the Walter Boys,TV,IT,2026-09-06,2026-08-31,9,5
T017,My Life With the Walter Boys,TV,DE,2026-09-06,2026-08-31,9,5
T018,Salish & Jordan Matter,TV,FR,2026-09-06,2026-08-31,8,2
T018,Salish & Jordan Matter,TV,DE,2026-09-06,2026-08-31,7,2
T018,Salish & Jordan Matter,TV,IT,2026-09-06,2026-08-31,8,2
T019,Blood Sacrifice,TV,FR,2026-09-06,2026-08-31,6,3
T019,Blood Sacrifice,TV,BR,2026-09-06,2026-08-31,9,3
T019,Blood Sacrifice,TV,DE,2026-09-06,2026-08-31,3,3
T019,Blood Sacrifice,TV,IT,2026-09-06,2026-08-31,5,3
T020,Outer Banks,TV,DE,2026-09-06,2026-08-31,5,3
T020,Outer Banks,TV,BR,2026-09-06,2026-08-31,8,3
T020,Outer Banks,TV,FR,2026-09-06,2026-08-31,4,3
T020,Outer Banks,TV,IT,2026-09-06,2026-08-31,4,3
T026,The Gentlemen,TV,DE,2026-09-06,2026-08-31,1,10
T026,The Gentlemen,TV,IT,2026-09-06,2026-08-31,1,12
T026,The Gentlemen,TV,FR,2026-09-06,2026-08-31,2,10
T031,Beauty in Black,TV,DE,2026-09-06,2026-08-31,4,2
T031,Beauty in Black,TV,BR,2026-09-06,2026-08-31,5,2
T031,Beauty in Black,TV,IT,2026-09-06,2026-08-31,2,2
T031,Beauty in Black,TV,FR,2026-09-06,2026-08-31,3,2
T032,Death of the Pastor's Wife,TV,IT,2026-09-06,2026-08-31,10,2
T032,Death of the Pastor's Wife,TV,DE,2026-09-06,2026-08-31,2,2
T032,Death of the Pastor's Wife,TV,FR,2026-09-06,2026-08-31,5,2
T032,Death of the Pastor's Wife,TV,BR,2026-09-06,2026-08-31,3,2
T055,The Beekeeper,Films,IT,2026-09-06,2026-08-31,10,4
T064,Turning Point: Generation 9/11,Films,DE,2026-09-06,2026-08-31,6,1
T064,Turning Point: Generation 9/11,Films,FR,2026-09-06,2026-08-31,10,1
T066,The Hard Corps,Films,KR,2026-09-06,2026-08-31,8,1
T066,The Hard Corps,Films,BR,2026-09-06,2026-08-31,4,1
T066,The Hard Corps,Films,DE,2026-09-06,2026-08-31,8,1
T068,All the Truth in My Lies,TV,DE,2026-09-06,2026-08-31,8,1
T068,All the Truth in My Lies,TV,IT,2026-09-06,2026-08-31,3,1
T068,All the Truth in My Lies,TV,FR,2026-09-06,2026-08-31,7,1
T074,Badly in Love,TV,JP,2026-09-06,2026-08-31,1,5
T074,Badly in Love,TV,KR,2026-09-06,2026-08-31,8,5
T075,Smoking Behind the Supermarket With You,TV,JP,2026-09-06,2026-08-31,6,8
T078,The Early Spring,TV,KR,2026-09-06,2026-08-31,9,1
T078,The Early Spring,TV,BR,2026-09-06,2026-08-31,1,2
T080,Mousetrap,TV,KR,2026-09-06,2026-08-31,1,2
T080,Mousetrap,TV,JP,2026-09-06,2026-08-31,3,1
T088,The Sixth Sense,Films,JP,2026-09-06,2026-08-31,8,1
T088,The Sixth Sense,Films,IT,2026-09-06,2026-08-31,8,1
T100,Companion,Films,DE,2026-09-06,2026-08-31,10,2
T107,Wifelike,Films,FR,2026-09-06,2026-08-31,6,1
T114,Until the T-shirt Dries,TV,JP,2026-09-06,2026-08-31,2,9
T115,Vivant,TV,JP,2026-09-06,2026-08-31,5,14
T116,The Mentalist,TV,BR,2026-09-06,2026-08-31,7,10
T118,GATE24:The Border,TV,JP,2026-09-06,2026-08-31,7,7
T119,My Name Is Farah,TV,BR,2026-09-06,2026-08-31,2,6
T120,Demon Slayer: Kimetsu no Yaiba Infinity Castle I,Films,KR,2026-09-06,2026-08-31,10,6
T121,I am Solo,TV,KR,2026-09-06,2026-08-31,3,5
T124,"I'm SOLO, Love goes on",TV,KR,2026-09-06,2026-08-31,5,4
T130,Shelter,Films,KR,2026-09-06,2026-08-31,1,2
T132,"Four Hands, Two Sonatas",TV,KR,2026-09-06,2026-08-31,2,2
T133,Your Honor,TV,KR,2026-09-06,2026-08-31,7,3
T134,Choir of God: Anthem,Films,KR,2026-09-06,2026-08-31,3,2
T135,Regretting You,Films,DE,2026-09-06,2026-08-31,3,2
T138,My Secretary,TV,KR,2026-09-06,2026-08-31,4,2
T139,Shrek,Films,BR,2026-09-06,2026-08-31,5,6
T140,Take a Hike!,TV,KR,2026-09-06,2026-08-31,6,3
T144,Last Mile,Films,JP,2026-09-06,2026-08-31,1,2
T145,Rhythm + Flow France,TV,FR,2026-09-06,2026-08-31,1,2
T146,Sai: Disaster,Films,JP,2026-09-06,2026-08-31,7,3
T147,Strawberry Moon,Films,JP,2026-09-06,2026-08-31,5,1
T153,13 Minutes,Films,BR,2026-09-06,2026-08-31,3,2
T155,S&X,TV,JP,2026-09-06,2026-08-31,10,3
T156,Sai,TV,JP,2026-09-06,2026-08-31,8,3
T157,Stella gemella,Films,IT,2026-09-06,2026-08-31,3,2
T158,Dune: Part Two,Films,DE,2026-09-06,2026-08-31,4,1
T160,Mom Knows Best?,TV,BR,2026-09-06,2026-08-31,4,2
T191,The Equalizer 3,Films,FR,2026-09-06,2026-08-31,3,1
T196,L'Amore sta bene su tutto,Films,IT,2026-09-06,2026-08-31,4,2
T201,It Comes,Films,JP,2026-09-06,2026-08-31,6,4
T209,Run Rabbit Run,Films,BR,2026-09-06,2026-08-31,10,1
T210,Shrek 2,Films,BR,2026-09-06,2026-08-31,6,3
T211,The Cleaning Lady,TV,IT,2026-09-06,2026-08-31,7,1
T230,Lottie Dottie Chicken,TV,BR,2026-09-06,2026-08-31,10,134
T252,"Eat, Sleep, then Wait for Happiness",TV,JP,2026-09-06,2026-08-31,4,1
T258,Mukoubuchi RAW: The Legend of High-Stakes Underground Mahjong Vol.1 – The Graduation,Films,JP,2026-09-06,2026-08-31,4,1
T276,The Boy Who Cried Wolf,Films,FR,2026-09-06,2026-08-31,5,1
T285,Mobile Suit Gundam Hathaway: The Sorcery of Nymph Circe,Films,KR,2026-09-06,2026-08-31,6,1
T307,The Magnificent Seven,Films,KR,2026-09-06,2026-08-31,7,1
T345,Labor Day,Films,FR,2026-09-06,2026-08-31,9,1
T347,Mukoubuchi RAW: The Legend of High-Stakes Underground Mahjong Vol.3 - Narikin,Films,JP,2026-09-06,2026-08-31,9,1
T354,Shrek Forever After,Films,BR,2026-09-06,2026-08-31,9,3
T358,Wolf Man,Films,KR,2026-09-06,2026-08-31,9,1
T360,2012,Films,JP,2026-09-06,2026-08-31,10,1
T369,Resident Alien,TV,DE,2026-09-06,2026-08-31,10,1
T003,The Whisper Man,Films,JP,2026-09-13,2026-09-07,10,3
T003,The Whisper Man,Films,FR,2026-09-13,2026-09-07,3,3
T003,The Whisper Man,Films,KR,2026-09-13,2026-09-07,8,3
T003,The Whisper Man,Films,BR,2026-09-13,2026-09-07,2,3
T003,The Whisper Man,Films,DE,2026-09-13,2026-09-07,1,3
T003,The Whisper Man,Films,IT,2026-09-13,2026-09-07,2,3
T008,Anacondas: Trail of Blood,Films,KR,2026-09-13,2026-09-07,10,2
T011,The Secret Woman,Films,FR,2026-09-13,2026-09-07,4,3
T011,The Secret Woman,Films,IT,2026-09-13,2026-09-07,3,3
T011,The Secret Woman,Films,BR,2026-09-13,2026-09-07,4,3
T011,The Secret Woman,Films,DE,2026-09-13,2026-09-07,3,3
T018,Salish & Jordan Matter,TV,DE,2026-09-13,2026-09-07,9,3
T019,Blood Sacrifice,TV,IT,2026-09-13,2026-09-07,10,4
T019,Blood Sacrifice,TV,DE,2026-09-13,2026-09-07,5,4
T019,Blood Sacrifice,TV,FR,2026-09-13,2026-09-07,10,4
T020,Outer Banks,TV,IT,2026-09-13,2026-09-07,9,4
T020,Outer Banks,TV,FR,2026-09-13,2026-09-07,9,4
T020,Outer Banks,TV,DE,2026-09-13,2026-09-07,7,4
T026,The Gentlemen,TV,FR,2026-09-13,2026-09-07,1,11
T026,The Gentlemen,TV,DE,2026-09-13,2026-09-07,1,11
T026,The Gentlemen,TV,IT,2026-09-13,2026-09-07,1,13
T026,The Gentlemen,TV,BR,2026-09-13,2026-09-07,6,6
T031,Beauty in Black,TV,IT,2026-09-13,2026-09-07,7,3
T031,Beauty in Black,TV,FR,2026-09-13,2026-09-07,7,3
T032,Death of the Pastor's Wife,TV,BR,2026-09-13,2026-09-07,4,3
T032,Death of the Pastor's Wife,TV,DE,2026-09-13,2026-09-07,6,3
T037,Crew Girl,TV,FR,2026-09-13,2026-09-07,3,1
T037,Crew Girl,TV,DE,2026-09-13,2026-09-07,2,1
T037,Crew Girl,TV,BR,2026-09-13,2026-09-07,5,1
T037,Crew Girl,TV,IT,2026-09-13,2026-09-07,4,1
T043,The Perfect Lie,TV,DE,2026-09-13,2026-09-07,4,1
T043,The Perfect Lie,TV,IT,2026-09-13,2026-09-07,5,1
T043,The Perfect Lie,TV,FR,2026-09-13,2026-09-07,5,1
T044,Why Did I Get Married Again?,Films,BR,2026-09-13,2026-09-07,3,1
T044,Why Did I Get Married Again?,Films,FR,2026-09-13,2026-09-07,8,1
T044,Why Did I Get Married Again?,Films,DE,2026-09-13,2026-09-07,10,1
T044,Why Did I Get Married Again?,Films,IT,2026-09-13,2026-09-07,7,1
T059,The Little Things,Films,IT,2026-09-13,2026-09-07,1,4
T059,The Little Things,Films,FR,2026-09-13,2026-09-07,2,4
T063,Fauda,TV,IT,2026-09-13,2026-09-07,8,1
T063,Fauda,TV,FR,2026-09-13,2026-09-07,6,1
T063,Fauda,TV,DE,2026-09-13,2026-09-07,10,1
T064,Turning Point: Generation 9/11,Films,DE,2026-09-13,2026-09-07,6,2
T064,Turning Point: Generation 9/11,Films,IT,2026-09-13,2026-09-07,9,1
T066,The Hard Corps,Films,BR,2026-09-13,2026-09-07,5,2
T067,Gandhari,Films,BR,2026-09-13,2026-09-07,1,1
T067,Gandhari,Films,KR,2026-09-13,2026-09-07,5,1
T067,Gandhari,Films,FR,2026-09-13,2026-09-07,10,1
T074,Badly in Love,TV,JP,2026-09-13,2026-09-07,1,7
T074,Badly in Love,TV,KR,2026-09-13,2026-09-07,6,6
T075,Smoking Behind the Supermarket With You,TV,JP,2026-09-13,2026-09-07,4,9
T078,The Early Spring,TV,KR,2026-09-13,2026-09-07,7,2
T078,The Early Spring,TV,BR,2026-09-13,2026-09-07,3,3
T080,Mousetrap,TV,KR,2026-09-13,2026-09-07,1,3
T084,Physical 100: Italy,TV,KR,2026-09-13,2026-09-07,9,1
T084,Physical 100: Italy,TV,IT,2026-09-13,2026-09-07,2,1
T086,Hercules,Films,JP,2026-09-13,2026-09-07,7,1
T086,Hercules,Films,KR,2026-09-13,2026-09-07,4,1
T088,The Sixth Sense,Films,IT,2026-09-13,2026-09-07,6,2
T088,The Sixth Sense,Films,JP,2026-09-13,2026-09-07,6,2
T089,Kraven the Hunter,Films,IT,2026-09-13,2026-09-07,4,1
T097,Margaux,Films,DE,2026-09-13,2026-09-07,8,1
T102,Monster-in-Law,Films,IT,2026-09-13,2026-09-07,10,1
T102,Monster-in-Law,Films,FR,2026-09-13,2026-09-07,7,1
T108,Anaconda 3: Offspring,Films,KR,2026-09-13,2026-09-07,7,1
T108,Anaconda 3: Offspring,Films,JP,2026-09-13,2026-09-07,8,1
T114,Until the T-shirt Dries,TV,JP,2026-09-13,2026-09-07,2,10
T115,Vivant,TV,JP,2026-09-13,2026-09-07,3,15
T116,The Mentalist,TV,BR,2026-09-13,2026-09-07,10,11
T117,Mushoku Tensei: Jobless Reincarnation,TV,JP,2026-09-13,2026-09-07,10,9
T118,GATE24:The Border,TV,JP,2026-09-13,2026-09-07,6,8
T119,My Name Is Farah,TV,BR,2026-09-13,2026-09-07,1,7
T121,I am Solo,TV,KR,2026-09-13,2026-09-07,3,6
T124,"I'm SOLO, Love goes on",TV,KR,2026-09-13,2026-09-07,5,5
T130,Shelter,Films,KR,2026-09-13,2026-09-07,1,3
T132,"Four Hands, Two Sonatas",TV,KR,2026-09-13,2026-09-07,2,3
T133,Your Honor,TV,KR,2026-09-13,2026-09-07,10,4
T134,Choir of God: Anthem,Films,KR,2026-09-13,2026-09-07,6,3
T135,Regretting You,Films,DE,2026-09-13,2026-09-07,7,3
T138,My Secretary,TV,KR,2026-09-13,2026-09-07,4,3
T139,Shrek,Films,BR,2026-09-13,2026-09-07,7,7
T140,Take a Hike!,TV,KR,2026-09-13,2026-09-07,8,4
T141,25 Years of You,TV,JP,2026-09-13,2026-09-07,7,3
T144,Last Mile,Films,JP,2026-09-13,2026-09-07,9,3
T145,Rhythm + Flow France,TV,FR,2026-09-13,2026-09-07,2,3
T147,Strawberry Moon,Films,JP,2026-09-13,2026-09-07,1,2
T153,13 Minutes,Films,BR,2026-09-13,2026-09-07,8,3
T157,Stella gemella,Films,IT,2026-09-13,2026-09-07,8,3
T158,Dune: Part Two,Films,DE,2026-09-13,2026-09-07,5,2
T160,Mom Knows Best?,TV,BR,2026-09-13,2026-09-07,7,3
T165,Though I Am an Inept Villainess,TV,JP,2026-09-13,2026-09-07,9,2
T166,Call My Agent! The Movie,Films,FR,2026-09-13,2026-09-07,1,1
T167,Golden Kamuy -The Abashiri Prison Raid-,Films,JP,2026-09-13,2026-09-07,4,1
T173,Killing for the Prosecution,Films,JP,2026-09-13,2026-09-07,2,1
T174,Kissing Is the Easy Part,Films,BR,2026-09-13,2026-09-07,9,1
T177,Rheingold,Films,DE,2026-09-13,2026-09-07,2,1
T183,Vanishing Point,Films,KR,2026-09-13,2026-09-07,2,1
T187,Fujiko,Films,JP,2026-09-13,2026-09-07,3,1
T188,How to Train Your Dragon,Films,FR,2026-09-13,2026-09-07,5,1
T191,The Equalizer 3,Films,FR,2026-09-13,2026-09-07,9,2
T192,Troy,Films,KR,2026-09-13,2026-09-07,3,1
T197,Practical Magic,Films,IT,2026-09-13,2026-09-07,5,1
T209,Run Rabbit Run,Films,BR,2026-09-13,2026-09-07,6,2
T211,The Cleaning Lady,TV,IT,2026-09-13,2026-09-07,6,2
T214,Bee Movie,Films,BR,2026-09-13,2026-09-07,10,3
T265,The Breadwinner,Films,DE,2026-09-13,2026-09-07,4,1
T273,"One Second Ahead, One Second Behind",Films,JP,2026-09-13,2026-09-07,5,1
T294,Toni,Films,FR,2026-09-13,2026-09-07,6,1
T315,Instadocs: The Decoy Plane,TV,DE,2026-09-13,2026-09-07,8,1
T317,Lovesick,TV,FR,2026-09-13,2026-09-07,8,1
T320,Nozaki Shuhei Auditor of Bank,TV,JP,2026-09-13,2026-09-07,8,1
T333,Adriano the Emperor,TV,BR,2026-09-13,2026-09-07,9,1
T340,Dune,Films,DE,2026-09-13,2026-09-07,9,7
T355,The Blind Side,Films,KR,2026-09-13,2026-09-07,9,1
T003,The Whisper Man,Films,IT,2026-09-20,2026-09-14,3,4
T003,The Whisper Man,Films,FR,2026-09-20,2026-09-14,6,4
T003,The Whisper Man,Films,BR,2026-09-20,2026-09-14,6,4
T003,The Whisper Man,Films,DE,2026-09-20,2026-09-14,3,4
T011,The Secret Woman,Films,IT,2026-09-20,2026-09-14,5,4
T011,The Secret Woman,Films,DE,2026-09-20,2026-09-14,7,4
T011,The Secret Woman,Films,BR,2026-09-20,2026-09-14,5,4
T011,The Secret Woman,Films,FR,2026-09-20,2026-09-14,8,4
T019,Blood Sacrifice,TV,DE,2026-09-20,2026-09-14,9,5
T020,Outer Banks,TV,DE,2026-09-20,2026-09-14,10,5
T025,Teach You a Lesson,TV,KR,2026-09-20,2026-09-14,9,10
T026,The Gentlemen,TV,FR,2026-09-20,2026-09-14,5,12
T026,The Gentlemen,TV,DE,2026-09-20,2026-09-14,4,12
T026,The Gentlemen,TV,IT,2026-09-20,2026-09-14,5,14
T026,The Gentlemen,TV,BR,2026-09-20,2026-09-14,10,2
T037,Crew Girl,TV,IT,2026-09-20,2026-09-14,2,2
T037,Crew Girl,TV,FR,2026-09-20,2026-09-14,2,2
T037,Crew Girl,TV,DE,2026-09-20,2026-09-14,1,2
T037,Crew Girl,TV,BR,2026-09-20,2026-09-14,1,2
T043,The Perfect Lie,TV,DE,2026-09-20,2026-09-14,3,2
T043,The Perfect Lie,TV,IT,2026-09-20,2026-09-14,4,2
T043,The Perfect Lie,TV,FR,2026-09-20,2026-09-14,3,2
T043,The Perfect Lie,TV,BR,2026-09-20,2026-09-14,7,1
T044,Why Did I Get Married Again?,Films,BR,2026-09-20,2026-09-14,3,2
T044,Why Did I Get Married Again?,Films,IT,2026-09-20,2026-09-14,7,2
T044,Why Did I Get Married Again?,Films,FR,2026-09-20,2026-09-14,7,2
T050,Monster: The Lizzie Borden Story,TV,BR,2026-09-20,2026-09-14,2,1
T050,Monster: The Lizzie Borden Story,TV,IT,2026-09-20,2026-09-14,3,1
T050,Monster: The Lizzie Borden Story,TV,FR,2026-09-20,2026-09-14,1,1
T050,Monster: The Lizzie Borden Story,TV,DE,2026-09-20,2026-09-14,2,1
T052,Not a Stranger,TV,BR,2026-09-20,2026-09-14,4,1
T052,Not a Stranger,TV,DE,2026-09-20,2026-09-14,5,1
T052,Not a Stranger,TV,FR,2026-09-20,2026-09-14,6,1
T052,Not a Stranger,TV,IT,2026-09-20,2026-09-14,6,1
T053,Gabby's Dollhouse,TV,BR,2026-09-20,2026-09-14,5,1
T053,Gabby's Dollhouse,TV,DE,2026-09-20,2026-09-14,7,1
T053,Gabby's Dollhouse,TV,FR,2026-09-20,2026-09-14,7,1
T053,Gabby's Dollhouse,TV,IT,2026-09-20,2026-09-14,8,1
T059,The Little Things,Films,FR,2026-09-20,2026-09-14,2,5
T059,The Little Things,Films,IT,2026-09-20,2026-09-14,1,5
T063,Fauda,TV,IT,2026-09-20,2026-09-14,10,2
T063,Fauda,TV,FR,2026-09-20,2026-09-14,9,2
T064,Turning Point: Generation 9/11,Films,DE,2026-09-20,2026-09-14,10,3
T073,The Doll,TV,IT,2026-09-20,2026-09-14,9,1
T073,The Doll,TV,DE,2026-09-20,2026-09-14,8,1
T073,The Doll,TV,FR,2026-09-20,2026-09-14,10,1
T074,Badly in Love,TV,JP,2026-09-20,2026-09-14,4,7
T075,Smoking Behind the Supermarket With You,TV,JP,2026-09-20,2026-09-14,7,10
T078,The Early Spring,TV,KR,2026-09-20,2026-09-14,8,3
T078,The Early Spring,TV,BR,2026-09-20,2026-09-14,8,4
T080,Mousetrap,TV,KR,2026-09-20,2026-09-14,3,4
T084,Physical 100: Italy,TV,IT,2026-09-20,2026-09-14,1,2
T084,Physical 100: Italy,TV,KR,2026-09-20,2026-09-14,10,2
T086,Hercules,Films,JP,2026-09-20,2026-09-14,3,2
T086,Hercules,Films,KR,2026-09-20,2026-09-14,7,2
T089,Kraven the Hunter,Films,IT,2026-09-20,2026-09-14,2,2
T091,Anora,Films,FR,2026-09-20,2026-09-14,4,1
T093,The Wild Robot,Films,JP,2026-09-20,2026-09-14,5,1
T097,Margaux,Films,KR,2026-09-20,2026-09-14,5,1
T097,Margaux,Films,DE,2026-09-20,2026-09-14,6,2
T102,Monster-in-Law,Films,IT,2026-09-20,2026-09-14,8,2
T113,Best of the Best,Films,IT,2026-09-20,2026-09-14,10,1
T113,Best of the Best,Films,FR,2026-09-20,2026-09-14,10,1
T114,Until the T-shirt Dries,TV,JP,2026-09-20,2026-09-14,2,11
T115,Vivant,TV,JP,2026-09-20,2026-09-14,5,16
T116,The Mentalist,TV,BR,2026-09-20,2026-09-14,9,12
T118,GATE24:The Border,TV,JP,2026-09-20,2026-09-14,8,9
T119,My Name Is Farah,TV,BR,2026-09-20,2026-09-14,3,8
T120,Demon Slayer: Kimetsu no Yaiba Infinity Castle I,Films,KR,2026-09-20,2026-09-14,10,7
T121,I am Solo,TV,KR,2026-09-20,2026-09-14,4,7
T124,"I'm SOLO, Love goes on",TV,KR,2026-09-20,2026-09-14,7,6
T130,Shelter,Films,KR,2026-09-20,2026-09-14,6,4
T132,"Four Hands, Two Sonatas",TV,KR,2026-09-20,2026-09-14,2,4
T134,Choir of God: Anthem,Films,KR,2026-09-20,2026-09-14,9,4
T135,Regretting You,Films,DE,2026-09-20,2026-09-14,9,4
T138,My Secretary,TV,KR,2026-09-20,2026-09-14,6,4
T139,Shrek,Films,BR,2026-09-20,2026-09-14,8,8
T141,25 Years of You,TV,JP,2026-09-20,2026-09-14,6,4
T147,Strawberry Moon,Films,JP,2026-09-20,2026-09-14,4,3
T158,Dune: Part Two,Films,DE,2026-09-20,2026-09-14,8,3
T165,Though I Am an Inept Villainess,TV,JP,2026-09-20,2026-09-14,10,3
T166,Call My Agent! The Movie,Films,FR,2026-09-20,2026-09-14,1,2
T167,Golden Kamuy -The Abashiri Prison Raid-,Films,JP,2026-09-20,2026-09-14,1,2
T173,Killing for the Prosecution,Films,JP,2026-09-20,2026-09-14,7,2
T174,Kissing Is the Easy Part,Films,BR,2026-09-20,2026-09-14,2,2
T177,Rheingold,Films,DE,2026-09-20,2026-09-14,5,2
T183,Vanishing Point,Films,KR,2026-09-20,2026-09-14,4,2
T187,Fujiko,Films,JP,2026-09-20,2026-09-14,6,2
T188,How to Train Your Dragon,Films,FR,2026-09-20,2026-09-14,3,2
T192,Troy,Films,KR,2026-09-20,2026-09-14,3,2
T197,Practical Magic,Films,IT,2026-09-20,2026-09-14,4,2
T210,Shrek 2,Films,BR,2026-09-20,2026-09-14,9,4
T214,Bee Movie,Films,BR,2026-09-20,2026-09-14,7,4
T232,Nocturnal Animals,Films,DE,2026-09-20,2026-09-14,1,1
T233,Plastic Beauty,TV,JP,2026-09-20,2026-09-14,1,1
T234,Riot,Films,BR,2026-09-20,2026-09-14,1,1
T235,The Scandal,TV,KR,2026-09-20,2026-09-14,1,1
T236,The Warriors,Films,KR,2026-09-20,2026-09-14,1,1
T237,Black Bag,Films,KR,2026-09-20,2026-09-14,2,1
T238,Ichi the Killer 4K,Films,JP,2026-09-20,2026-09-14,2,1
T243,Wunderschöner,Films,DE,2026-09-20,2026-09-14,2,1
T244,A Case,TV,JP,2026-09-20,2026-09-14,3,1
T250,A Minecraft Movie,Films,BR,2026-09-20,2026-09-14,4,1
T253,Einfach Mal Was Schönes,Films,DE,2026-09-20,2026-09-14,4,1
T262,Rescapé : La série,TV,FR,2026-09-20,2026-09-14,4,1
T272,K-Shaman: True Horror Stories,TV,KR,2026-09-20,2026-09-14,5,1
T277,The Nun II,Films,FR,2026-09-20,2026-09-14,5,1
T287,Race for Glory: Audi vs. Lancia,Films,IT,2026-09-20,2026-09-14,6,1
T318,Milky☆Subway: The Galactic Limited Express – the Movie,Films,JP,2026-09-20,2026-09-14,8,3
T321,One Way Trip,Films,KR,2026-09-20,2026-09-14,8,1
T334,Aline,Films,FR,2026-09-20,2026-09-14,9,1
T341,Franco Battiato: The Long Journey,Films,IT,2026-09-20,2026-09-14,9,1
T344,Jin-Roh: The Wolf Brigade,Films,JP,2026-09-20,2026-09-14,9,1
T350,Nozaki Shuhei President of Bank,TV,JP,2026-09-20,2026-09-14,9,1
T362,Barbie in The Nutcracker,Films,BR,2026-09-20,2026-09-14,10,1
T364,Bayside Shakedown 4: The Final,Films,JP,2026-09-20,2026-09-14,10,1
